-- phpMyAdmin SQL Dump
-- version 5.0.4
-- https://www.phpmyadmin.net/
--
-- Servidor: 127.0.0.1
-- Tiempo de generación: 20-10-2021 a las 07:42:27
-- Versión del servidor: 10.4.17-MariaDB
-- Versión de PHP: 8.0.2

SET SQL_MODE = "NO_AUTO_VALUE_ON_ZERO";
START TRANSACTION;
SET time_zone = "+00:00";


/*!40101 SET @OLD_CHARACTER_SET_CLIENT=@@CHARACTER_SET_CLIENT */;
/*!40101 SET @OLD_CHARACTER_SET_RESULTS=@@CHARACTER_SET_RESULTS */;
/*!40101 SET @OLD_COLLATION_CONNECTION=@@COLLATION_CONNECTION */;
/*!40101 SET NAMES utf8mb4 */;

--
-- Base de datos: `clinica`
--
CREATE DATABASE IF NOT EXISTS `clinica` DEFAULT CHARACTER SET utf8mb4 COLLATE utf8mb4_general_ci;
USE `clinica`;

-- --------------------------------------------------------

--
-- Estructura de tabla para la tabla `atiende`
--

CREATE TABLE `atiende` (
  `fecha` date NOT NULL,
  `ci paciente` int(8) NOT NULL,
  `ci odontologo` int(8) NOT NULL
) ENGINE=InnoDB DEFAULT CHARSET=utf8mb4;

-- --------------------------------------------------------

--
-- Estructura de tabla para la tabla `contacto`
--

CREATE TABLE `contacto` (
  `ci persona` int(8) NOT NULL,
  `ntelefono` int(20) NOT NULL
) ENGINE=InnoDB DEFAULT CHARSET=utf8mb4;

-- --------------------------------------------------------

--
-- Estructura de tabla para la tabla `odontologo`
--

CREATE TABLE `odontologo` (
  `especializacion` varchar(30) NOT NULL,
  `ci odontologo` int(8) NOT NULL,
  `fecha ingreso` date NOT NULL,
  `sueldo` int(200) NOT NULL
) ENGINE=InnoDB DEFAULT CHARSET=utf8mb4;

--
-- Volcado de datos para la tabla `odontologo`
--

INSERT INTO `odontologo` (`especializacion`, `ci odontologo`, `fecha ingreso`, `sueldo`) VALUES
('Toponutria', 53679745, '0000-00-00', 10);

-- --------------------------------------------------------

--
-- Estructura de tabla para la tabla `paciente`
--

CREATE TABLE `paciente` (
  `mail` varchar(30) NOT NULL,
  `ci paciente` int(8) NOT NULL
) ENGINE=InnoDB DEFAULT CHARSET=utf8mb4;

--
-- Volcado de datos para la tabla `paciente`
--

INSERT INTO `paciente` (`mail`, `ci paciente`) VALUES
('franptc3@gmail.com', 53255438);

-- --------------------------------------------------------

--
-- Estructura de tabla para la tabla `persona`
--

CREATE TABLE `persona` (
  `ci` int(8) NOT NULL,
  `nombre` varchar(30) NOT NULL,
  `apellido` varchar(30) NOT NULL
) ENGINE=InnoDB DEFAULT CHARSET=utf8mb4;

--
-- Volcado de datos para la tabla `persona`
--

INSERT INTO `persona` (`ci`, `nombre`, `apellido`) VALUES
(53255438, 'Balter', 'Velázquez'),
(53679745, 'Felipe', 'Fontana');

-- --------------------------------------------------------

--
-- Estructura Stand-in para la vista `vodontolodos`
-- (Véase abajo para la vista actual)
--
CREATE TABLE `vodontolodos` (
`ci odontologo` varchar(13)
,`Nombre` varchar(30)
,`Apellido` varchar(30)
,`especializacion` varchar(30)
);

-- --------------------------------------------------------

--
-- Estructura Stand-in para la vista `vpacientes`
-- (Véase abajo para la vista actual)
--
CREATE TABLE `vpacientes` (
`ci paciente` varchar(11)
,`Nombre` varchar(30)
,`Apellido` varchar(30)
,`mail` varchar(30)
);

-- --------------------------------------------------------

--
-- Estructura para la vista `vodontolodos`
--
DROP TABLE IF EXISTS `vodontolodos`;

CREATE ALGORITHM=UNDEFINED DEFINER=`root`@`localhost` SQL SECURITY DEFINER VIEW `vodontolodos`  AS SELECT 'ci odontologo' AS `ci odontologo`, `persona`.`nombre` AS `Nombre`, `persona`.`apellido` AS `Apellido`, `odontologo`.`especializacion` AS `especializacion` FROM (`odontologo` join `persona` on(`persona`.`ci` = 'ci odontologo')) ;

-- --------------------------------------------------------

--
-- Estructura para la vista `vpacientes`
--
DROP TABLE IF EXISTS `vpacientes`;

CREATE ALGORITHM=UNDEFINED DEFINER=`root`@`localhost` SQL SECURITY DEFINER VIEW `vpacientes`  AS SELECT 'ci paciente' AS `ci paciente`, `persona`.`nombre` AS `Nombre`, `persona`.`apellido` AS `Apellido`, `paciente`.`mail` AS `mail` FROM (`paciente` join `persona` on(`persona`.`ci` = 'ci paciente')) ;

--
-- Índices para tablas volcadas
--

--
-- Indices de la tabla `atiende`
--
ALTER TABLE `atiende`
  ADD KEY `fk paciente` (`ci paciente`),
  ADD KEY `fk odontologo` (`ci odontologo`);

--
-- Indices de la tabla `contacto`
--
ALTER TABLE `contacto`
  ADD PRIMARY KEY (`ntelefono`);

--
-- Indices de la tabla `odontologo`
--
ALTER TABLE `odontologo`
  ADD PRIMARY KEY (`ci odontologo`);

--
-- Indices de la tabla `paciente`
--
ALTER TABLE `paciente`
  ADD PRIMARY KEY (`ci paciente`);

--
-- Indices de la tabla `persona`
--
ALTER TABLE `persona`
  ADD PRIMARY KEY (`ci`);

--
-- Restricciones para tablas volcadas
--

--
-- Filtros para la tabla `atiende`
--
ALTER TABLE `atiende`
  ADD CONSTRAINT `fk odontologo` FOREIGN KEY (`ci odontologo`) REFERENCES `odontologo` (`ci odontologo`),
  ADD CONSTRAINT `fk paciente` FOREIGN KEY (`ci paciente`) REFERENCES `paciente` (`ci paciente`);

--
-- Filtros para la tabla `odontologo`
--
ALTER TABLE `odontologo`
  ADD CONSTRAINT `fkodon` FOREIGN KEY (`ci odontologo`) REFERENCES `persona` (`ci`);
--
-- Base de datos: `db_links`
--
CREATE DATABASE IF NOT EXISTS `db_links` DEFAULT CHARACTER SET utf8mb4 COLLATE utf8mb4_general_ci;
USE `db_links`;

-- --------------------------------------------------------

--
-- Estructura de tabla para la tabla `links`
--

CREATE TABLE `links` (
  `id` int(11) NOT NULL,
  `title` varchar(150) NOT NULL,
  `url` varchar(255) NOT NULL,
  `description` text DEFAULT NULL,
  `user_id` int(11) DEFAULT NULL,
  `created_at` timestamp NOT NULL DEFAULT current_timestamp()
) ENGINE=InnoDB DEFAULT CHARSET=utf8mb4;

--
-- Volcado de datos para la tabla `links`
--

INSERT INTO `links` (`id`, `title`, `url`, `description`, `user_id`, `created_at`) VALUES
(2, 'Insta', 'https://www.youtube.com/watch?v=WpkGPTC_fdE', 'Pellistri, a fondo', 2, '2021-08-18 01:52:19'),
(6, 'Insta', 'https://www.youtube.com/watch?v=WpkGPTC_fdE', '', 3, '2021-08-18 03:39:20');

-- --------------------------------------------------------

--
-- Estructura de tabla para la tabla `sessions`
--

CREATE TABLE `sessions` (
  `session_id` varchar(128) CHARACTER SET utf8mb4 COLLATE utf8mb4_bin NOT NULL,
  `expires` int(11) UNSIGNED NOT NULL,
  `data` mediumtext CHARACTER SET utf8mb4 COLLATE utf8mb4_bin DEFAULT NULL
) ENGINE=InnoDB DEFAULT CHARSET=utf8mb4;

--
-- Volcado de datos para la tabla `sessions`
--

INSERT INTO `sessions` (`session_id`, `expires`, `data`) VALUES
('4wwRyRDTvCnfxTeF5Cnz3YV78doishP7', 1629342157, '{\"cookie\":{\"originalMaxAge\":null,\"expires\":null,\"httpOnly\":true,\"path\":\"/\"},\"flash\":{},\"passport\":{\"user\":3}}'),
('LUli8xtd1ZdBLo6SFl_ffb-yuAR9y3qu', 1629344519, '{\"cookie\":{\"originalMaxAge\":null,\"expires\":null,\"httpOnly\":true,\"path\":\"/\"},\"flash\":{},\"passport\":{}}'),
('R-722sRWW580xsVfdQbct0CCeNDzBrSz', 1629338051, '{\"cookie\":{\"originalMaxAge\":null,\"expires\":null,\"httpOnly\":true,\"path\":\"/\"},\"flash\":{\"success\":[\"Link Saved Successfully\"]},\"passport\":{\"user\":2}}'),
('XIpxUxwB-xnElJzK2QcokNFBcx3FP0tw', 1629338317, '{\"cookie\":{\"originalMaxAge\":null,\"expires\":null,\"httpOnly\":true,\"path\":\"/\"},\"flash\":{},\"passport\":{\"user\":2}}'),
('aj45UPua92qLKEMS8U0kvHIqvWkCSlfv', 1629341937, '{\"cookie\":{\"originalMaxAge\":null,\"expires\":null,\"httpOnly\":true,\"path\":\"/\"},\"flash\":{},\"passport\":{}}'),
('y62MYXe-FIr9-PFN7J_DEfCZLyZs33Hw', 1629342266, '{\"cookie\":{\"originalMaxAge\":null,\"expires\":null,\"httpOnly\":true,\"path\":\"/\"},\"flash\":{},\"passport\":{\"user\":3}}');

-- --------------------------------------------------------

--
-- Estructura de tabla para la tabla `users`
--

CREATE TABLE `users` (
  `id` int(11) NOT NULL,
  `username` varchar(16) NOT NULL,
  `password` varchar(60) NOT NULL,
  `fullname` varchar(100) NOT NULL
) ENGINE=InnoDB DEFAULT CHARSET=utf8mb4;

--
-- Volcado de datos para la tabla `users`
--

INSERT INTO `users` (`id`, `username`, `password`, `fullname`) VALUES
(1, 'john', 'password1', 'John Carter'),
(2, 'fran_cap15', '$2a$10$BvNU4kmOmr3cHW3FHLcZNelTij1A9zvFLXSUgM6PRwbQl612l/are', 'Balter Velázquez'),
(3, 'SilverAnashe', '$2a$10$HKzEYzHluUIqsseMm90YpOiBq4f4BctwxHXVlwKmpN8cKc2bUX4xK', 'Balter Suarez');

--
-- Índices para tablas volcadas
--

--
-- Indices de la tabla `links`
--
ALTER TABLE `links`
  ADD PRIMARY KEY (`id`),
  ADD KEY `fk_user` (`user_id`);

--
-- Indices de la tabla `sessions`
--
ALTER TABLE `sessions`
  ADD PRIMARY KEY (`session_id`);

--
-- Indices de la tabla `users`
--
ALTER TABLE `users`
  ADD PRIMARY KEY (`id`);

--
-- AUTO_INCREMENT de las tablas volcadas
--

--
-- AUTO_INCREMENT de la tabla `links`
--
ALTER TABLE `links`
  MODIFY `id` int(11) NOT NULL AUTO_INCREMENT, AUTO_INCREMENT=7;

--
-- AUTO_INCREMENT de la tabla `users`
--
ALTER TABLE `users`
  MODIFY `id` int(11) NOT NULL AUTO_INCREMENT, AUTO_INCREMENT=4;

--
-- Restricciones para tablas volcadas
--

--
-- Filtros para la tabla `links`
--
ALTER TABLE `links`
  ADD CONSTRAINT `fk_user` FOREIGN KEY (`user_id`) REFERENCES `users` (`id`);
--
-- Base de datos: `gestioncomplejo`
--
CREATE DATABASE IF NOT EXISTS `gestioncomplejo` DEFAULT CHARACTER SET utf8mb4 COLLATE utf8mb4_general_ci;
USE `gestioncomplejo`;

-- --------------------------------------------------------

--
-- Estructura de tabla para la tabla `booking`
--

CREATE TABLE `booking` (
  `id_booking` int(11) NOT NULL,
  `date_booking` date NOT NULL,
  `start_booking` varchar(20) NOT NULL,
  `end_booking` varchar(20) NOT NULL,
  `cancha` int(5) NOT NULL,
  `user` varchar(10) DEFAULT NULL,
  `create_at` timestamp NULL DEFAULT current_timestamp()
) ENGINE=InnoDB DEFAULT CHARSET=utf8mb4;

-- --------------------------------------------------------

--
-- Estructura de tabla para la tabla `cancha`
--

CREATE TABLE `cancha` (
  `id_cancha` int(5) NOT NULL,
  `tipo_cancha` varchar(20) DEFAULT NULL,
  `price` int(8) DEFAULT NULL,
  `players` int(30) DEFAULT NULL,
  `description` varchar(255) DEFAULT NULL
) ENGINE=InnoDB DEFAULT CHARSET=utf8mb4;

--
-- Volcado de datos para la tabla `cancha`
--

INSERT INTO `cancha` (`id_cancha`, `tipo_cancha`, `price`, `players`, `description`) VALUES
(1, 'Futbol - Futbol 5', 1900, 10, 'Cancha de fútbol 5 con césped sintético habilitada para 10 jugadores, el precio es de UYU 100 por cada jugador.'),
(2, 'Fútbol - Fútbol 7', 1400, 14, 'Cancha  de Fútbol 5 con césped sintético, está habilitada para 14 jugadores y el precio es de UYU 100 por cada jugador.'),
(3, 'Fútbol - Clásica', 2000, 22, 'Cancha  de Fútbol Clásico (11vs11) con césped sintético, está habilitada para 22 jugadores y el precio es de UYU 91 por cada jugador.'),
(4, 'Basquet - Clásico', 1100, 10, 'Cancha  de Basquet con base de hormigón, está habilitada para 10 jugadores y el precio es de UYU 110 por cada jugador.');

-- --------------------------------------------------------

--
-- Estructura de tabla para la tabla `complejo`
--

CREATE TABLE `complejo` (
  `nombre_complejo` varchar(20) NOT NULL,
  `informacion_complejo` varchar(250) NOT NULL,
  `direccion_complejo` varchar(40) NOT NULL,
  `correo_complejo` varchar(30) NOT NULL,
  `telefono_complejo` varchar(9) NOT NULL
) ENGINE=InnoDB DEFAULT CHARSET=utf8mb4;

--
-- Volcado de datos para la tabla `complejo`
--

INSERT INTO `complejo` (`nombre_complejo`, `informacion_complejo`, `direccion_complejo`, `correo_complejo`, `telefono_complejo`) VALUES
('Gestión De Complejo', 'Un complejo deportivo con todas las actividades que efectuas en cualquier otro, solo que este es el propio :P', '18 de Julio, Martinez 1122', 'complejo@gestioncomplejo.com', '091234567');

-- --------------------------------------------------------

--
-- Estructura de tabla para la tabla `generos`
--

CREATE TABLE `generos` (
  `id_gen` int(11) NOT NULL,
  `gen_name` varchar(20) NOT NULL
) ENGINE=InnoDB DEFAULT CHARSET=utf8mb4;

--
-- Volcado de datos para la tabla `generos`
--

INSERT INTO `generos` (`id_gen`, `gen_name`) VALUES
(1, 'Hombre'),
(2, 'Mujer');

-- --------------------------------------------------------

--
-- Estructura de tabla para la tabla `notifications`
--

CREATE TABLE `notifications` (
  `noti_id` int(11) NOT NULL,
  `noti_icon` varchar(40) NOT NULL,
  `noti_title` varchar(100) NOT NULL,
  `noti_description` varchar(1000) NOT NULL,
  `noti_date` timestamp NOT NULL DEFAULT current_timestamp(),
  `wasRead` int(1) NOT NULL
) ENGINE=InnoDB DEFAULT CHARSET=utf8mb4;

--
-- Volcado de datos para la tabla `notifications`
--

INSERT INTO `notifications` (`noti_id`, `noti_icon`, `noti_title`, `noti_description`, `noti_date`, `wasRead`) VALUES
(13, 'fas fa-exclamation', 'Notificación de prueba.', 'Notificación de prueba para todos los usuarios', '2021-09-08 02:09:49', 1),
(14, 'fas fa-exclamation', '¿Qué sale?', 'Para mi que pinta jugar unos cs a fondo.', '2021-09-08 03:28:43', 1);

-- --------------------------------------------------------

--
-- Estructura de tabla para la tabla `roles`
--

CREATE TABLE `roles` (
  `id_rol` int(11) NOT NULL,
  `rol_name` varchar(20) DEFAULT NULL
) ENGINE=InnoDB DEFAULT CHARSET=utf8mb4;

--
-- Volcado de datos para la tabla `roles`
--

INSERT INTO `roles` (`id_rol`, `rol_name`) VALUES
(1, 'Administrador'),
(2, 'Usuario');

-- --------------------------------------------------------

--
-- Estructura de tabla para la tabla `service`
--

CREATE TABLE `service` (
  `service_id` int(11) NOT NULL,
  `service_name` varchar(25) NOT NULL,
  `service_price` int(11) NOT NULL,
  `service_type` int(11) NOT NULL,
  `service_description` varchar(250) NOT NULL
) ENGINE=InnoDB DEFAULT CHARSET=utf8mb4;

--
-- Volcado de datos para la tabla `service`
--

INSERT INTO `service` (`service_id`, `service_name`, `service_price`, `service_type`, `service_description`) VALUES
(1, 'Gimnasio', 700, 1, 'Proporciona acceso total a todas las \"Atracciones\" del complejo, desde maquinas para hacer ejercicio hasta sesiones de yoga'),
(2, 'Piscina', 1100, 1, 'Proporciona acceso total a la piscina del complejo, desde natación libre hasta clases por profesionales.');

-- --------------------------------------------------------

--
-- Estructura de tabla para la tabla `service_type`
--

CREATE TABLE `service_type` (
  `service_type_id` int(11) NOT NULL,
  `service_type_name` varchar(20) NOT NULL
) ENGINE=InnoDB DEFAULT CHARSET=utf8mb4;

--
-- Volcado de datos para la tabla `service_type`
--

INSERT INTO `service_type` (`service_type_id`, `service_type_name`) VALUES
(1, 'Mensual'),
(2, 'Anual');

-- --------------------------------------------------------

--
-- Estructura de tabla para la tabla `sessions`
--

CREATE TABLE `sessions` (
  `session_id` varchar(128) CHARACTER SET utf8mb4 COLLATE utf8mb4_bin NOT NULL,
  `expires` int(11) UNSIGNED NOT NULL,
  `data` mediumtext CHARACTER SET utf8mb4 COLLATE utf8mb4_bin DEFAULT NULL
) ENGINE=InnoDB DEFAULT CHARSET=utf8mb4;

--
-- Volcado de datos para la tabla `sessions`
--

INSERT INTO `sessions` (`session_id`, `expires`, `data`) VALUES
('JeBvn0zLj6W2LXpw9j2VlKGXM0ls5poV', 1634688179, '{\"cookie\":{\"originalMaxAge\":null,\"expires\":null,\"httpOnly\":true,\"path\":\"/\"},\"flash\":{},\"passport\":{\"user\":{\"username\":\"fran_cap15\",\"name\":\"Balter\",\"surname\":\"Velázquez\",\"nacimiento\":\"2003-04-11\",\"direccion\":\"Salto 3165\",\"localidad\":\"Young\",\"profile\":\"\",\"password\":\"$2a$10$nzu7SHVvg7Nc5d17celtpurUgfFPQnU3d6XZ7Zk9wUdkaju77KE0i\",\"rol\":2,\"gen\":1,\"isProminent\":{\"type\":\"Buffer\",\"data\":[0]},\"created_at\":\"2021-09-16\"}}}'),
('cwvBYLcSjJVjE8tCorwQbKVyJkbuLPz0', 1634774089, '{\"cookie\":{\"originalMaxAge\":null,\"expires\":null,\"httpOnly\":true,\"path\":\"/\"},\"flash\":{},\"passport\":{\"user\":{\"email\":\"franptc3@gmail.com\",\"name\":\"Balter\",\"surname\":\"Velázquez\",\"username\":\"fran_cap15\",\"nacimiento\":\"2020-10-14\",\"direccion\":\"Salto 3165\",\"localidad\":\"Young\",\"profile\":\"profile_picture_2.svg\",\"password\":\"$2a$10$ut/woTKltkfLLUiEvcL.o.gxEb/d17agvec3Q6vADrmx68BcCPY5m\",\"gen\":\"1\",\"rol\":2,\"id\":0}}}'),
('g5KV9nAGJLLWYR9oNcCarqUJXI5PrF4X', 1634770020, '{\"cookie\":{\"originalMaxAge\":null,\"expires\":null,\"httpOnly\":true,\"path\":\"/\"},\"flash\":{},\"passport\":{\"user\":{\"username\":\"admin\",\"name\":\"Administrador\",\"surname\":\"Administrador\",\"nacimiento\":\"2000-07-16\",\"direccion\":\"asd\",\"localidad\":\"Young\",\"profile\":\"\",\"password\":\"$2a$10$eGnvO5lZ7kejeB1ze20t1.GJ7PchD5QAlFP1VUsTlURyJCxuLgLZ2\",\"rol\":1,\"gen\":1,\"isProminent\":{\"type\":\"Buffer\",\"data\":[0]},\"created_at\":\"2021-09-16\"}}}');

-- --------------------------------------------------------

--
-- Estructura de tabla para la tabla `suscripcion`
--

CREATE TABLE `suscripcion` (
  `owner` varchar(15) NOT NULL,
  `ass_name` varchar(20) NOT NULL,
  `ass_surname` varchar(20) NOT NULL,
  `asociated_ci` int(8) NOT NULL,
  `ass_email` varchar(60) NOT NULL,
  `ass_dir1` varchar(100) NOT NULL,
  `ass_dir2` varchar(100) NOT NULL,
  `subscription` int(11) NOT NULL,
  `startDate` date NOT NULL
) ENGINE=InnoDB DEFAULT CHARSET=utf8mb4;

-- --------------------------------------------------------

--
-- Estructura de tabla para la tabla `users`
--

CREATE TABLE `users` (
  `username` varchar(15) NOT NULL,
  `email` varchar(40) NOT NULL,
  `name` varchar(20) DEFAULT NULL,
  `surname` varchar(20) DEFAULT NULL,
  `nacimiento` date NOT NULL,
  `direccion` varchar(70) NOT NULL,
  `localidad` varchar(20) NOT NULL,
  `profile` varchar(90) NOT NULL,
  `password` varchar(60) DEFAULT NULL,
  `rol` int(11) DEFAULT NULL,
  `gen` int(11) NOT NULL,
  `isProminent` bit(1) NOT NULL DEFAULT b'0',
  `created_at` date NOT NULL DEFAULT current_timestamp()
) ENGINE=InnoDB DEFAULT CHARSET=utf8mb4;

--
-- Volcado de datos para la tabla `users`
--

INSERT INTO `users` (`username`, `email`, `name`, `surname`, `nacimiento`, `direccion`, `localidad`, `profile`, `password`, `rol`, `gen`, `isProminent`, `created_at`) VALUES
('aabrahaml1', 'aabrahaml1@reuters.com', 'Arv', 'Abraham', '2020-12-22', '348 Browning Drive', 'Recreio', 'profile_image_2.svg', 'O3Qh8A', 2, 1, b'1', '2021-04-06'),
('aarmstrong88', 'aarmstrong88@comcast.net', 'Ado', 'Armstrong', '2021-09-10', '8160 Arrowood Avenue', 'Kedungtuban', 'profile_image_2.svg', 'nHch6sn', 2, 2, b'1', '2021-06-24'),
('aaureliusln', 'aaureliusln@vkontakte.ru', 'Aurelea', 'Aurelius', '2021-02-24', '5140 Dryden Drive', 'Gayamdesa', 'profile_image_2.svg', 'xZYSyGc8wkt', 2, 1, b'1', '2021-06-28'),
('abaggs1c', 'abaggs1c@columbia.edu', 'Anya', 'Baggs', '2021-03-23', '035 Packers Park', 'No Kunda', 'profile_image_2.svg', 'ZELZ5uGoYnP', 2, 2, b'1', '2020-12-27'),
('abaigentju', 'abaigentju@mysql.com', 'Archibold', 'Baigent', '2021-05-02', '803 Pawling Drive', 'Bolszewo', 'profile_image_2.svg', 'fyZWwZe', 2, 1, b'1', '2021-05-01'),
('abarlesb7', 'abarlesb7@blogs.com', 'Anica', 'Barles', '2021-04-14', '04 Sugar Place', 'Phoenix', 'profile_image_2.svg', 'b0aT67tU99', 2, 2, b'1', '2021-04-29'),
('abarrack8k', 'abarrack8k@twitpic.com', 'Agathe', 'Barrack', '2021-08-15', '734 Menomonie Center', 'Mierzęcice', 'profile_image_2.svg', 'Nak8HhL', 2, 1, b'1', '2020-12-27'),
('abaversor3r', 'abaversor3r@weibo.com', 'Armand', 'Baversor', '2020-11-22', '65 Loftsgordon Center', 'Göteborg', 'profile_image_2.svg', 'L6W8dYh', 2, 1, b'1', '2020-12-30'),
('abeedieo4', 'abeedieo4@alexa.com', 'Austen', 'Beedie', '2020-11-28', '3530 Heffernan Lane', 'Nūrābād', 'profile_image_2.svg', 'k5DuHL', 2, 1, b'1', '2021-05-16'),
('abreadonfr', 'abreadonfr@xrea.com', 'Archy', 'Breadon', '2021-02-17', '3520 Corben Alley', 'Ogurugu', 'profile_image_2.svg', 'BxfLy18Y5cx', 2, 1, b'1', '2020-12-14'),
('abrechinls', 'abrechinls@smugmug.com', 'Adan', 'Brechin', '2020-11-10', '12074 Quincy Road', 'Maymana', 'profile_image_2.svg', '6L6T4xSX', 2, 2, b'1', '2020-11-12'),
('abriffettcw', 'abriffettcw@ted.com', 'Amalle', 'Briffett', '2021-09-25', '377 Towne Parkway', 'Whitchurch', 'profile_image_2.svg', 'IAdQeK', 2, 2, b'1', '2021-09-27'),
('aburchetthk', 'aburchetthk@wikispaces.com', 'Arel', 'Burchett', '2021-01-03', '0 Dayton Trail', 'Nam Som', 'profile_image_2.svg', 'ihQ0JerdvkK', 2, 2, b'1', '2021-04-01'),
('acalterone7k', 'acalterone7k@tripod.com', 'Ardith', 'Calterone', '2021-01-27', '70 Eastlawn Pass', 'Charleville-Mézières', 'profile_image_2.svg', 'nlYUrKKZ', 2, 2, b'1', '2021-03-23'),
('acareswellex', 'acareswellex@state.tx.us', 'Alis', 'Careswell', '2021-03-16', '62 Fieldstone Trail', 'Ngampon', 'profile_image_2.svg', 'nbYhtb8JyLa', 2, 1, b'1', '2021-06-26'),
('acareyjz', 'acareyjz@dropbox.com', 'Ax', 'Carey', '2020-10-31', '2 Dapin Point', 'Mosquée', 'profile_image_2.svg', 'yVzI2mY', 2, 2, b'1', '2020-12-30'),
('achithamf9', 'achithamf9@archive.org', 'Amelita', 'Chitham', '2021-07-28', '0426 Transport Trail', 'Sanyang', 'profile_image_2.svg', 'jOvYvdzmOq', 2, 1, b'1', '2021-08-24'),
('acivitillobl', 'acivitillobl@moonfruit.com', 'Alexandre', 'Civitillo', '2021-07-02', '6 Marquette Trail', 'Guanzhuang', 'profile_image_2.svg', '2xwsht', 2, 2, b'1', '2021-06-14'),
('acodemanld', 'acodemanld@free.fr', 'Alika', 'Codeman', '2021-04-06', '8732 Fair Oaks Trail', 'Rzeczenica', 'profile_image_2.svg', '55PvKCjPtN', 2, 2, b'1', '2021-07-24'),
('acollidgejh', 'acollidgejh@nsw.gov.au', 'Abbott', 'Collidge', '2020-11-12', '985 Brickson Park Junction', 'Peishe', 'profile_image_2.svg', '5hWCi19MaFBE', 2, 2, b'1', '2021-06-16'),
('acollishawqs', 'acollishawqs@trellian.com', 'Adair', 'Collishaw', '2021-04-19', '54121 Kedzie Court', 'Dingzhai', 'profile_image_2.svg', 'UbmzhkRPEUr', 2, 2, b'1', '2021-06-20'),
('acooppergt', 'acooppergt@ovh.net', 'Arnuad', 'Coopper', '2021-05-06', '04 High Crossing Lane', 'Pingshan', 'profile_image_2.svg', 'YZEpGs', 2, 1, b'1', '2021-02-07'),
('acrome5i', 'acrome5i@lulu.com', 'Annabel', 'Crome', '2021-08-16', '8 Southridge Junction', 'Penhold', 'profile_image_2.svg', 'IBF2DVj3pHRP', 2, 2, b'1', '2020-10-28'),
('acrufts6x', 'acrufts6x@symantec.com', 'Arnaldo', 'Crufts', '2021-09-29', '185 Calypso Point', 'K’anak’erravan', 'profile_image_2.svg', 'gjiuXJD1L', 2, 2, b'1', '2020-10-17'),
('adearden7b', 'adearden7b@paginegialle.it', 'Archibaldo', 'Dearden', '2021-03-30', '35605 Bayside Plaza', 'Depok', 'profile_image_2.svg', 'deygKG1Cai1', 2, 2, b'1', '2021-07-25'),
('adepka2n', 'adepka2n@fc2.com', 'Abbi', 'Depka', '2020-12-07', '77 Bunker Hill Crossing', 'Laixi', 'profile_image_2.svg', 'tuePs78f7PCl', 2, 2, b'1', '2021-05-07'),
('adivinem8', 'adivinem8@dedecms.com', 'Alistair', 'Divine', '2021-05-22', '7 Elka Place', 'Ebu', 'profile_image_2.svg', 'bVoh2ZVXii', 2, 2, b'1', '2021-10-11'),
('adixey3l', 'adixey3l@ycombinator.com', 'Ariella', 'Dixey', '2021-08-14', '56907 Algoma Trail', 'Solna', 'profile_image_2.svg', 'LrQ4thq3', 2, 2, b'1', '2021-07-11'),
('admin', 'administrador@admin.com', 'Administrador', 'Administrador', '2021-10-06', 'vivo en young jaja nashe', 'Young', 'profile_picture_2.svg', '$2a$10$eQicu0yBLQKN88GEISsfvOJ3Mfnv6ns8wGZjPht3wG/Np9Q9oA7P2', 1, 1, b'0', '2021-10-19'),
('adreghornd9', 'adreghornd9@epa.gov', 'Anallese', 'Dreghorn', '2020-10-15', '4378 Schmedeman Street', 'Stockholm', 'profile_image_2.svg', 'jcB9GG', 2, 2, b'1', '2021-04-30'),
('aearngyt', 'aearngyt@fc2.com', 'Abbe', 'Earngy', '2021-02-01', '41406 Manufacturers Place', 'Shostka', 'profile_image_2.svg', 'nQOcA3SFIH', 2, 2, b'1', '2021-01-15'),
('aetter65', 'aetter65@businessweek.com', 'Aymer', 'Etter', '2021-05-03', '73 Linden Court', 'Moholm', 'profile_image_2.svg', 'x6V9twA', 2, 1, b'1', '2020-10-27'),
('afarthinmu', 'afarthinmu@goo.gl', 'Amata', 'Farthin', '2021-06-27', '2 Morning Crossing', 'Oepula', 'profile_image_2.svg', 'H4kdX8zCh', 2, 2, b'1', '2020-10-31'),
('afitzgilbertc0', 'afitzgilbertc0@nhs.uk', 'Anica', 'FitzGilbert', '2021-01-25', '23 Jenna Parkway', 'Big Bend', 'profile_image_2.svg', 'eGV6nTH6WQM6', 2, 2, b'1', '2021-04-29'),
('aforsdykeqg', 'aforsdykeqg@si.edu', 'Abel', 'Forsdyke', '2021-10-11', '6 Calypso Road', 'Bukid', 'profile_image_2.svg', '0UogWDMuJI8U', 2, 1, b'1', '2021-08-27'),
('afullagerfb', 'afullagerfb@tamu.edu', 'Aylmer', 'Fullager', '2021-04-21', '4702 Kingsford Junction', 'Hongjiazui', 'profile_image_2.svg', 'Z3zECDPLziTs', 2, 2, b'1', '2021-01-24'),
('agarlettef5', 'agarlettef5@twitpic.com', 'Andres', 'Garlette', '2021-01-10', '38 Declaration Park', 'Barberena', 'profile_image_2.svg', 'mHiHsupNR8', 2, 2, b'1', '2021-09-30'),
('agasnoll2l', 'agasnoll2l@netlog.com', 'Angil', 'Gasnoll', '2021-03-12', '12395 Esker Hill', 'Raposos', 'profile_image_2.svg', '5ar7iWorhJS', 2, 1, b'1', '2021-01-31'),
('agaydon3f', 'agaydon3f@e-recht24.de', 'Auberon', 'Gaydon', '2021-09-28', '18 Oneill Hill', 'Sukmoilang', 'profile_image_2.svg', 'IntuRew', 2, 1, b'1', '2021-04-21'),
('agollandji', 'agollandji@devhub.com', 'Ashton', 'Golland', '2021-04-12', '17 Burning Wood Way', 'Barbaza', 'profile_image_2.svg', 'P96BXu', 2, 1, b'1', '2021-08-20'),
('agrimsey67', 'agrimsey67@cnn.com', 'Anson', 'Grimsey', '2021-05-06', '1 Farragut Plaza', 'Zuogaimanma', 'profile_image_2.svg', 'iBT3ayGPpkG', 2, 2, b'1', '2021-05-02'),
('aguilekf', 'aguilekf@google.co.jp', 'Arlette', 'Guile', '2021-07-15', '07553 Division Parkway', 'Komsomol’skiy', 'profile_image_2.svg', 'zTDVLKhU8t', 2, 2, b'1', '2021-07-07'),
('ahaseley59', 'ahaseley59@theatlantic.com', 'Adrian', 'Haseley', '2020-12-10', '781 Monument Lane', 'Coromandel', 'profile_image_2.svg', 'RxkNdjg4LLI', 2, 2, b'1', '2021-01-20'),
('ahaslewoodpk', 'ahaslewoodpk@slashdot.org', 'Alverta', 'Haslewood', '2021-08-12', '7157 6th Court', 'Compiègne', 'profile_image_2.svg', 'kdmoLgEuU', 2, 1, b'1', '2021-06-17'),
('ahaversumdo', 'ahaversumdo@rambler.ru', 'Antonie', 'Haversum', '2021-10-04', '61854 Blue Bill Park Way', 'Gongchang', 'profile_image_2.svg', 'J9FFNCvbD', 2, 2, b'1', '2021-03-30'),
('aheustacenz', 'aheustacenz@studiopress.com', 'Alissa', 'Heustace', '2021-08-08', '2 Clyde Gallagher Crossing', 'Zhichanghe', 'profile_image_2.svg', 'ZgA6zQRF', 2, 2, b'1', '2021-06-05'),
('ahiorn3c', 'ahiorn3c@1688.com', 'Amity', 'Hiorn', '2021-08-28', '3533 Canary Trail', 'Outeiro', 'profile_image_2.svg', 'gUtrRnLi', 2, 2, b'1', '2021-05-03'),
('aibbett9y', 'aibbett9y@imdb.com', 'Alden', 'Ibbett', '2021-05-08', '71048 Oak Valley Alley', 'Jurak Lao’', 'profile_image_2.svg', 'Wncu0r', 2, 2, b'1', '2020-10-17'),
('aivanets6t', 'aivanets6t@sakura.ne.jp', 'Augustine', 'Ivanets', '2021-07-10', '4553 Dexter Lane', 'Banjar Banyuning Bar', 'profile_image_2.svg', 'DwIaf0JH4zG', 2, 2, b'1', '2021-10-01'),
('ajimenez3t', 'ajimenez3t@bing.com', 'Audi', 'Jimenez', '2020-10-18', '89236 East Plaza', 'Vir', 'profile_image_2.svg', '6ZUYRXZQ', 2, 1, b'1', '2020-11-11'),
('akeendp', 'akeendp@thetimes.co.uk', 'Alasdair', 'Keen', '2020-12-11', '2706 Farragut Street', 'Ruixi', 'profile_image_2.svg', 'iArnuXuj1P', 2, 2, b'1', '2021-04-22'),
('akeslakena', 'akeslakena@theatlantic.com', 'Auberon', 'Keslake', '2021-03-25', '364 Sachtjen Alley', 'Toyonaka', 'profile_image_2.svg', 'Rn8RfSab1O', 2, 1, b'1', '2020-10-26'),
('akitney2p', 'akitney2p@epa.gov', 'Andreas', 'Kitney', '2021-04-22', '19672 Laurel Park', 'Dubreuil', 'profile_image_2.svg', 'ondzHxkLC4', 2, 1, b'1', '2021-03-10'),
('akopfrb', 'akopfrb@comsenz.com', 'Ardath', 'Kopf', '2021-08-28', '707 Farwell Park', 'Chilly-Mazarin', 'profile_image_2.svg', '8ANJEhn', 2, 2, b'1', '2021-04-01'),
('aladsonb8', 'aladsonb8@google.co.uk', 'Aristotle', 'Ladson', '2020-12-10', '09 Coleman Hill', 'Santa Isabel', 'profile_image_2.svg', '6LRxyf', 2, 1, b'1', '2020-12-01'),
('alermouthd8', 'alermouthd8@vinaora.com', 'Ally', 'Lermouth', '2020-12-20', '491 Lakeland Road', 'Pancheng', 'profile_image_2.svg', 'uLxvzTL', 2, 2, b'1', '2021-01-25'),
('aletchj3', 'aletchj3@wisc.edu', 'Agnola', 'Letch', '2021-09-04', '44409 Lindbergh Hill', 'Zouila', 'profile_image_2.svg', 'uS2tmg', 2, 2, b'1', '2021-07-11'),
('amalanlm', 'amalanlm@freewebs.com', 'Amandie', 'Malan', '2021-04-30', '21 Hintze Drive', 'Kawerau', 'profile_image_2.svg', '1Tkj5UMpNlqP', 2, 1, b'1', '2021-03-08'),
('amardoll87', 'amardoll87@bluehost.com', 'Adelind', 'Mardoll', '2020-12-30', '82 Luster Junction', 'Nikolina Gora', 'profile_image_2.svg', 'snybRpJWGY', 2, 1, b'1', '2021-08-10'),
('amasdonpq', 'amasdonpq@cnn.com', 'Alis', 'Masdon', '2021-09-16', '3862 Surrey Circle', 'Talok', 'profile_image_2.svg', 'cR7k99', 2, 1, b'1', '2021-05-15'),
('amattiessenc4', 'amattiessenc4@linkedin.com', 'Ashley', 'Mattiessen', '2021-07-07', '042 Eagle Crest Drive', 'Yazd', 'profile_image_2.svg', '7UhqXwJ7qjAt', 2, 2, b'1', '2020-12-16'),
('amazeyip', 'amazeyip@amazon.de', 'Alley', 'Mazey', '2021-03-29', '14 Jenifer Alley', 'Paraty', 'profile_image_2.svg', 'frnDhF', 2, 1, b'1', '2021-04-29'),
('aosban1k', 'aosban1k@springer.com', 'Anton', 'Osban', '2021-03-11', '62 Gulseth Trail', 'Singa', 'profile_image_2.svg', 'VxTcmd', 2, 2, b'1', '2021-09-03'),
('aosherin5o', 'aosherin5o@myspace.com', 'Abbie', 'O\'Sherin', '2021-08-29', '2791 Lawn Parkway', 'Hengfan', 'profile_image_2.svg', 'olZy0KVW', 2, 2, b'1', '2021-06-18'),
('apartrickep', 'apartrickep@ox.ac.uk', 'Abbie', 'Partrick', '2021-05-26', '231 Florence Point', 'Rangmanten', 'profile_image_2.svg', 'nakPsER5mt', 2, 1, b'1', '2021-06-01'),
('apellantiu', 'apellantiu@globo.com', 'Allan', 'Pellant', '2020-11-27', '2881 Bluestem Way', 'Tacoma', 'profile_image_2.svg', '4jxAVF', 2, 2, b'1', '2021-05-07'),
('apepper3v', 'apepper3v@a8.net', 'Adeline', 'Pepper', '2020-10-28', '486 Birchwood Center', 'El Cafetal', 'profile_image_2.svg', '7RaQVES1uIya', 2, 2, b'1', '2021-01-24'),
('apetroulis6', 'apetroulis6@jigsy.com', 'Alicia', 'Petroulis', '2020-12-18', '52831 Parkside Crossing', 'Chenghe', 'profile_image_2.svg', 'SicU4Zjqp1RW', 2, 1, b'1', '2021-02-26'),
('apitsall4f', 'apitsall4f@nyu.edu', 'Amelina', 'Pitsall', '2021-09-18', '607 Glendale Place', 'Huotong', 'profile_image_2.svg', '4GUzYg', 2, 1, b'1', '2020-12-22'),
('apoint91', 'apoint91@umich.edu', 'Angela', 'Point', '2020-12-19', '390 Hooker Drive', 'Mitrofanovka', 'profile_image_2.svg', 'DzaaMaMm', 2, 2, b'1', '2020-12-22'),
('apullarda', 'apullarda@aol.com', 'Alphonso', 'Pullar', '2020-11-11', '83 Killdeer Place', 'Qingxi', 'profile_image_2.svg', 'IwRJ00YI', 2, 1, b'1', '2021-07-11'),
('arederkl', 'arederkl@usda.gov', 'Aimee', 'Reder', '2021-05-28', '76607 Anderson Terrace', 'Batibati', 'profile_image_2.svg', 'VjZw7T4jxqF', 2, 1, b'1', '2021-04-28'),
('arubanenko8c', 'arubanenko8c@dailymotion.com', 'Arda', 'Rubanenko', '2020-10-20', '93 Westridge Court', 'La Calera', 'profile_image_2.svg', '1V9w7u5lF86', 2, 1, b'1', '2021-01-01'),
('asanshb', 'asanshb@trellian.com', 'Annabella', 'Sans', '2020-10-21', '113 Merry Road', 'Evxinoúpolis', 'profile_image_2.svg', 'nzYrhlxPCLb', 2, 1, b'1', '2021-08-26'),
('aschollarjb', 'aschollarjb@webmd.com', 'Alwin', 'Schollar', '2021-01-21', '967 Shopko Point', 'Susiec', 'profile_image_2.svg', '08au5pBx1dDk', 2, 2, b'1', '2021-02-14'),
('asellackn8', 'asellackn8@blogspot.com', 'Aleda', 'Sellack', '2020-12-19', '1556 Mariners Cove Terrace', 'Marseille', 'profile_image_2.svg', 'cp8Kw7ms', 2, 1, b'1', '2021-06-17'),
('asharpling9u', 'asharpling9u@ftc.gov', 'Annadiane', 'Sharpling', '2021-07-09', '524 Blaine Place', 'Jovellar', 'profile_image_2.svg', 'scZK5hHw', 2, 1, b'1', '2020-11-20'),
('ashiresmp', 'ashiresmp@icio.us', 'Audie', 'Shires', '2021-03-23', '8707 Jenifer Center', 'Siedliska', 'profile_image_2.svg', 'aEVgCoG', 2, 1, b'1', '2021-08-01'),
('asmethurstn6', 'asmethurstn6@fc2.com', 'Angel', 'Smethurst', '2021-06-11', '88 Pond Road', 'Villa Serrano', 'profile_image_2.svg', 'ZOgHMB', 2, 2, b'1', '2021-02-19'),
('astammers8r', 'astammers8r@wired.com', 'Anabal', 'Stammers', '2021-05-10', '37 Holmberg Trail', 'Livramento do Brumad', 'profile_image_2.svg', '9GP0NPVL', 2, 1, b'1', '2020-10-18'),
('astoadenw', 'astoadenw@economist.com', 'Aretha', 'Stoade', '2021-09-20', '1 Butterfield Road', 'Vista Hermosa', 'profile_image_2.svg', 'FhymsNO6', 2, 1, b'1', '2020-12-23'),
('ategellercn', 'ategellercn@nytimes.com', 'Allegra', 'Tegeller', '2020-12-24', '9 North Park', 'Machado', 'profile_image_2.svg', 'HrlOnL', 2, 2, b'1', '2020-12-09'),
('atolumellon9', 'atolumellon9@arizona.edu', 'Abram', 'Tolumello', '2021-05-31', '784 Anthes Crossing', 'Lendava', 'profile_image_2.svg', 'uznBxezlk', 2, 2, b'1', '2021-02-04'),
('aturk70', 'aturk70@google.cn', 'Augusta', 'Turk', '2021-05-11', '4 Oriole Terrace', 'Dār Kulayb', 'profile_image_2.svg', 'T9GTYXz', 2, 1, b'1', '2021-02-20'),
('avautreyd7', 'avautreyd7@answers.com', 'Aloise', 'Vautrey', '2021-04-02', '403 Independence Place', 'Zhongxing', 'profile_image_2.svg', 'DdeJz5TGS', 2, 1, b'1', '2021-06-01'),
('avedekhovq7', 'avedekhovq7@businessinsider.com', 'Arlen', 'Vedekhov', '2021-05-07', '72163 Paget Trail', 'Jingxin', 'profile_image_2.svg', 'GHh5yH8PHRa1', 2, 2, b'1', '2020-10-24'),
('awoodgerfq', 'awoodgerfq@microsoft.com', 'Archibald', 'Woodger', '2020-12-01', '67 Hansons Terrace', 'Lillers', 'profile_image_2.svg', 'rd2vSMTafci', 2, 2, b'1', '2021-03-19'),
('awristfc', 'awristfc@vinaora.com', 'Allyn', 'Wrist', '2021-08-09', '16 Manitowish Point', 'Rio das Pedras', 'profile_image_2.svg', 'X89Vfbd', 2, 2, b'1', '2021-06-25'),
('baddy1j', 'baddy1j@rambler.ru', 'Brynna', 'Addy', '2020-11-18', '768 Helena Plaza', 'Tanahwurung', 'profile_image_2.svg', 'VT79Yt', 2, 1, b'1', '2021-03-15'),
('baizikovich1i', 'baizikovich1i@devhub.com', 'Benita', 'Aizikovich', '2021-08-03', '64 Kinsman Crossing', 'Cergy-Pontoise', 'profile_image_2.svg', 'IA7ab1', 2, 1, b'1', '2021-05-24'),
('bajeanaz', 'bajeanaz@unc.edu', 'Bev', 'Ajean', '2021-08-11', '2 Judy Point', 'Putina', 'profile_image_2.svg', 'HcLTKOpd5T', 2, 2, b'1', '2021-03-19'),
('baldamjw', 'baldamjw@virginia.edu', 'Blondelle', 'Aldam', '2021-03-30', '45878 Blaine Park', 'Kuching', 'profile_image_2.svg', 'trQNbl', 2, 1, b'1', '2020-10-19'),
('balejandro2j', 'balejandro2j@prlog.org', 'Brandice', 'Alejandro', '2021-01-03', '872 Nancy Parkway', 'Luar', 'profile_image_2.svg', 'Tw8xWt9', 2, 2, b'1', '2020-12-10'),
('ballard9m', 'ballard9m@scientificamerican.com', 'Bride', 'Allard', '2021-01-13', '28138 Michigan Lane', 'Zásmuky', 'profile_image_2.svg', 'y3omrdEUboce', 2, 1, b'1', '2020-11-01'),
('ballnatt35', 'ballnatt35@gnu.org', 'Bette', 'Allnatt', '2021-07-03', '7940 Artisan Drive', 'Kendayakan', 'profile_image_2.svg', 'wm8Td1QOpKb', 2, 1, b'1', '2021-01-01'),
('balpineor', 'balpineor@dell.com', 'Bell', 'Alpine', '2021-06-16', '46 Algoma Parkway', 'Banjar Bias', 'profile_image_2.svg', 'DLCGH06UFO', 2, 1, b'1', '2020-11-19'),
('banglisshx', 'banglisshx@google.com', 'Byron', 'Angliss', '2021-03-07', '28202 Sugar Terrace', 'Daxbet', 'profile_image_2.svg', 'e86Rlvuk8p', 2, 1, b'1', '2021-05-25'),
('bbaikeh4', 'bbaikeh4@devhub.com', 'Bertie', 'Baike', '2021-08-21', '3270 Forest Court', 'Nozdrzec', 'profile_image_2.svg', 'faHCaRuwaFO', 2, 2, b'1', '2021-08-03'),
('bbarenskiejv', 'bbarenskiejv@wordpress.org', 'Bennie', 'Barenskie', '2021-06-01', '3150 Arapahoe Avenue', 'Maţarah', 'profile_image_2.svg', 'T2G6t7m', 2, 2, b'1', '2021-09-19'),
('bbasiloneel', 'bbasiloneel@ameblo.jp', 'Birch', 'Basilone', '2021-09-25', '80977 Grayhawk Park', 'Doumuhu', 'profile_image_2.svg', 'avh2Zmyoe', 2, 1, b'1', '2020-11-30'),
('bbezants4r', 'bbezants4r@instagram.com', 'Benn', 'Bezants', '2021-09-12', '3 Eggendart Lane', 'Shiḩan as Suflá', 'profile_image_2.svg', 'ptIZivOVn', 2, 1, b'1', '2021-02-25'),
('bbolgar3n', 'bbolgar3n@google.ca', 'Base', 'Bolgar', '2021-07-12', '202 Judy Parkway', 'Pervoavgustovskiy', 'profile_image_2.svg', 't2nWAz', 2, 2, b'1', '2021-04-22'),
('bcaltonll', 'bcaltonll@mozilla.org', 'Binky', 'Calton', '2020-12-31', '50488 Vidon Park', 'Filothéi', 'profile_image_2.svg', 'PdgbLQw', 2, 1, b'1', '2021-01-18'),
('bcambdendg', 'bcambdendg@hao123.com', 'Brandon', 'Cambden', '2021-03-22', '985 Vidon Place', 'Saidpur', 'profile_image_2.svg', '6E2GQauZH', 2, 1, b'1', '2020-11-24'),
('bchatenetox', 'bchatenetox@weather.com', 'Byrom', 'Chatenet', '2021-01-06', '8 Chinook Drive', 'Příbor', 'profile_image_2.svg', 'HvZsGGcuiPC', 2, 2, b'1', '2021-08-06'),
('bchattaway9x', 'bchattaway9x@infoseek.co.jp', 'Barry', 'Chattaway', '2021-06-01', '95 Garrison Way', 'Daping', 'profile_image_2.svg', 'FN0yZpkdjKlZ', 2, 2, b'1', '2021-03-25'),
('bclara9', 'bclara9@soup.io', 'Bevvy', 'Clara', '2021-09-18', '06470 2nd Park', 'Agoo', 'profile_image_2.svg', 'S47IIuhY9KDz', 2, 1, b'1', '2020-12-17'),
('bcoulsenrh', 'bcoulsenrh@privacy.gov.au', 'Bridie', 'Coulsen', '2021-03-25', '36 Hoard Lane', 'Tilburg', 'profile_image_2.svg', 'eq1Foi8Wx', 2, 2, b'1', '2021-04-20'),
('bcraze8x', 'bcraze8x@discuz.net', 'Beth', 'Craze', '2021-05-15', '0 Cottonwood Street', 'Al Bājūr', 'profile_image_2.svg', 'CqZD4S', 2, 1, b'1', '2021-01-19'),
('bcroomeh9', 'bcroomeh9@cnbc.com', 'Bartram', 'Croome', '2021-07-16', '4 Crescent Oaks Crossing', 'Ribeirão', 'profile_image_2.svg', 'r2rM6u0e', 2, 2, b'1', '2021-03-16'),
('bdeareg', 'bdeareg@linkedin.com', 'Benn', 'Dear', '2020-12-14', '67446 Waubesa Pass', 'Swift Current', 'profile_image_2.svg', 'Q9pFi0j2anf', 2, 2, b'1', '2021-07-12'),
('bderwincq', 'bderwincq@businesswire.com', 'Brigitte', 'Derwin', '2021-02-20', '471 Brentwood Parkway', 'Cerro Blanco', 'profile_image_2.svg', '1RDw13Uj2zH', 2, 2, b'1', '2020-10-13'),
('bdormerlz', 'bdormerlz@ihg.com', 'Bernita', 'Dormer', '2020-12-04', '3 Buena Vista Street', 'Huai’an', 'profile_image_2.svg', 'n1mYpE', 2, 2, b'1', '2021-05-17'),
('bdudney17', 'bdudney17@newyorker.com', 'Britteny', 'Dudney', '2021-03-08', '3885 Golden Leaf Street', 'Feliciano', 'profile_image_2.svg', 'npeHuuGY70N', 2, 1, b'1', '2021-09-24'),
('bdurrance9v', 'bdurrance9v@cornell.edu', 'Barbara', 'Durrance', '2020-10-16', '5526 Glacier Hill Crossing', 'Tulay', 'profile_image_2.svg', 'FKS2dbcoh', 2, 1, b'1', '2021-06-01'),
('bdurtnelkm', 'bdurtnelkm@liveinternet.ru', 'Berna', 'Durtnel', '2021-10-05', '8 Declaration Parkway', 'Ḑubāh', 'profile_image_2.svg', 'Cg1U7A2S', 2, 1, b'1', '2021-03-31'),
('bfaithorneq', 'bfaithorneq@blinklist.com', 'Bethena', 'Faithorn', '2021-02-14', '84 Bunker Hill Circle', 'Bagneux', 'profile_image_2.svg', 'EW09iA539qC5', 2, 1, b'1', '2020-10-20'),
('bgablerbq', 'bgablerbq@gov.uk', 'Binnie', 'Gabler', '2021-06-24', '93 Granby Plaza', 'La Troncal', 'profile_image_2.svg', 'uPmkRj', 2, 2, b'1', '2020-11-07'),
('bgale4l', 'bgale4l@google.de', 'Bryn', 'Gale', '2021-02-23', '9 Ridge Oak Road', 'Capiíbary', 'profile_image_2.svg', '1qkeZ5LRYr92', 2, 1, b'1', '2021-08-05'),
('bgiercken5', 'bgiercken5@fc2.com', 'Bryan', 'Giercke', '2021-04-08', '876 Miller Pass', 'Lianyuan', 'profile_image_2.svg', '9G7g3V', 2, 1, b'1', '2021-05-13'),
('bgowthrop9q', 'bgowthrop9q@hc360.com', 'Berthe', 'Gowthrop', '2021-08-28', '9722 Eastlawn Parkway', 'Qiaonan', 'profile_image_2.svg', '8bSZJ6JbT', 2, 1, b'1', '2021-01-10'),
('bgriersonov', 'bgriersonov@sun.com', 'Bonni', 'Grierson', '2021-09-29', '197 Shasta Circle', 'Qinggis Han', 'profile_image_2.svg', 'yRwD9vD', 2, 2, b'1', '2021-09-02'),
('bgudd3p', 'bgudd3p@bing.com', 'Beverley', 'Gudd', '2020-11-21', '1348 Northwestern Pass', 'Icononzo', 'profile_image_2.svg', 'I6HhOmLn', 2, 1, b'1', '2021-10-11'),
('bhalfheadmt', 'bhalfheadmt@spotify.com', 'Bernette', 'Halfhead', '2020-11-30', '01981 Arapahoe Point', 'Paraguaçu', 'profile_image_2.svg', 'X6ySCuXk0Y', 2, 2, b'1', '2021-03-05'),
('bhindrickff', 'bhindrickff@livejournal.com', 'Bern', 'Hindrick', '2021-07-09', '2646 Bunker Hill Way', 'Lykóvrysi', 'profile_image_2.svg', 'O1TP1xm', 2, 2, b'1', '2021-09-21'),
('bhudd1w', 'bhudd1w@indiatimes.com', 'Bartholomeo', 'Hudd', '2021-03-12', '605 Summer Ridge Trail', 'Bloemfontein', 'profile_image_2.svg', '6KQGdwiK1', 2, 1, b'1', '2021-02-05'),
('bjennensrm', 'bjennensrm@weather.com', 'Betty', 'Jennens', '2021-01-21', '0 Swallow Park', 'Dvorichna', 'profile_image_2.svg', '4DTPYCLGzK', 2, 2, b'1', '2021-02-26'),
('bjersch28', 'bjersch28@imageshack.us', 'Benton', 'Jersch', '2020-10-17', '2 Mallory Trail', 'Shikou', 'profile_image_2.svg', 'vPYhWeRZxDW', 2, 2, b'1', '2021-01-04'),
('bkenrightgu', 'bkenrightgu@studiopress.com', 'Barny', 'Kenright', '2021-05-27', '56621 Anthes Parkway', 'São Lourenço da Mata', 'profile_image_2.svg', 't7QItY5', 2, 2, b'1', '2021-05-28'),
('bkirkpatrickkn', 'bkirkpatrickkn@yolasite.com', 'Bernadine', 'Kirkpatrick', '2021-05-15', '76690 Red Cloud Point', 'Newton', 'profile_image_2.svg', 'vkGLBfW', 2, 2, b'1', '2021-04-20'),
('bkochline0', 'bkochline0@skyrock.com', 'Bambi', 'Kochlin', '2021-05-26', '369 Gulseth Park', 'Nogoonnuur', 'profile_image_2.svg', 'vTSTYlmNb', 2, 2, b'1', '2021-03-06'),
('blackmannoe', 'blackmannoe@twitter.com', 'Bernetta', 'Lackmann', '2021-05-11', '51 Daystar Circle', 'Dongming', 'profile_image_2.svg', 'NPrC4eANn', 2, 1, b'1', '2021-09-07'),
('blehmanne8', 'blehmanne8@uol.com.br', 'Brunhilda', 'Lehmann', '2020-12-09', '06982 Novick Point', 'Panaitólion', 'profile_image_2.svg', 'BXbnDn', 2, 2, b'1', '2021-03-28'),
('blemarquand8l', 'blemarquand8l@europa.eu', 'Brody', 'Le Marquand', '2021-07-02', '3307 Truax Circle', 'Pontevedra', 'profile_image_2.svg', 'CUfunb6s7', 2, 1, b'1', '2021-03-27'),
('blempertzg5', 'blempertzg5@is.gd', 'Brandy', 'Lempertz', '2021-08-19', '476 Anzinger Trail', 'Sakhipur', 'profile_image_2.svg', 'apX1vqRjHb5', 2, 1, b'1', '2021-01-21'),
('blighternesslp', 'blighternesslp@geocities.com', 'Bartlett', 'Lighterness', '2020-12-09', '842 Merchant Circle', 'Xintang', 'profile_image_2.svg', 'emhAqicqw', 2, 1, b'1', '2020-10-27'),
('blockeyi5', 'blockeyi5@phoca.cz', 'Baird', 'Lockey', '2021-07-08', '694 Tennessee Junction', 'Ruma', 'profile_image_2.svg', '89oc25vRZ', 2, 2, b'1', '2021-08-03'),
('blovatt6e', 'blovatt6e@rambler.ru', 'Brady', 'Lovatt', '2020-11-09', '48544 Elmside Court', 'Vidual', 'profile_image_2.svg', 'ZHF0S6bR', 2, 1, b'1', '2021-10-05'),
('bmassingerr0', 'bmassingerr0@clickbank.net', 'Brendin', 'Massinger', '2021-08-18', '5511 Anzinger Pass', 'Vân Tùng', 'profile_image_2.svg', '93XgIx', 2, 2, b'1', '2021-03-12'),
('bmatejagm', 'bmatejagm@linkedin.com', 'Bernelle', 'Mateja', '2021-08-13', '9181 Gerald Drive', 'La Unión', 'profile_image_2.svg', 'd6K2EyM', 2, 1, b'1', '2021-03-24'),
('bmosedilldl', 'bmosedilldl@jigsy.com', 'Bartholemy', 'Mosedill', '2020-10-23', '71283 Moose Plaza', 'Göteborg', 'profile_image_2.svg', 'e3piwXg', 2, 2, b'1', '2021-02-15'),
('bmunkley4k', 'bmunkley4k@patch.com', 'Brien', 'Munkley', '2020-12-14', '0 Summer Ridge Hill', 'Kuala Terengganu', 'profile_image_2.svg', 'lBMdGdRf', 2, 1, b'1', '2021-05-25'),
('bortohp', 'bortohp@barnesandnoble.com', 'Boot', 'Orto', '2020-10-21', '2 Old Shore Pass', 'Nantang', 'profile_image_2.svg', 'L9JTkI', 2, 2, b'1', '2021-02-02'),
('boxtibycx', 'boxtibycx@free.fr', 'Beaufort', 'Oxtiby', '2021-07-06', '4156 Petterle Pass', 'Samut Sakhon', 'profile_image_2.svg', 'ChVQwOMus9Q', 2, 2, b'1', '2021-01-28'),
('bpapez9d', 'bpapez9d@i2i.jp', 'Berri', 'Papez', '2021-09-13', '174 Hermina Trail', 'Dasiping', 'profile_image_2.svg', 'BByIEfEQM', 2, 2, b'1', '2021-05-16'),
('bparkman6q', 'bparkman6q@microsoft.com', 'Beitris', 'Parkman', '2020-11-20', '6101 Nobel Trail', 'Longnawang', 'profile_image_2.svg', 'FBDl8Eg', 2, 1, b'1', '2021-04-22'),
('bpittmanq1', 'bpittmanq1@indiegogo.com', 'Bevin', 'Pittman', '2021-03-19', '33805 Ruskin Junction', 'Palama', 'profile_image_2.svg', 'Aw6iHK', 2, 1, b'1', '2021-05-27'),
('bpriddisdt', 'bpriddisdt@kickstarter.com', 'Benedikt', 'Priddis', '2020-11-17', '91 Parkside Circle', 'Kafr al Labad', 'profile_image_2.svg', 'wrdtmZ32r7K4', 2, 1, b'1', '2021-06-05'),
('bprisk4u', 'bprisk4u@dagondesign.com', 'Berrie', 'Prisk', '2021-10-06', '180 Basil Point', 'Yanwukou', 'profile_image_2.svg', 'bjF8HO', 2, 2, b'1', '2020-12-15'),
('bpunch7v', 'bpunch7v@house.gov', 'Barnard', 'Punch', '2021-06-27', '86446 Lakewood Hill', 'Pujiang', 'profile_image_2.svg', 'KCGzJq6v2DFj', 2, 1, b'1', '2021-07-31'),
('brackmd', 'brackmd@cdbaby.com', 'Bobine', 'Rack', '2020-10-15', '442 Fallview Center', 'Irupi', 'profile_image_2.svg', 'xIlD0trC', 2, 2, b'1', '2021-06-09'),
('brannaldk8', 'brannaldk8@columbia.edu', 'Babita', 'Rannald', '2021-08-21', '00 Bluejay Park', 'Krebetkrajan', 'profile_image_2.svg', '44VuLEGl', 2, 2, b'1', '2020-12-18'),
('breely5s', 'breely5s@miibeian.gov.cn', 'Ber', 'Reely', '2021-07-19', '067 Schiller Road', 'Besançon', 'profile_image_2.svg', 'FC3U6m3xG6u', 2, 2, b'1', '2021-05-21'),
('bsawtell5p', 'bsawtell5p@oaic.gov.au', 'Bekki', 'Sawtell', '2021-03-13', '79439 Miller Way', 'Marvdasht', 'profile_image_2.svg', '2CFZmOpGjK', 2, 1, b'1', '2021-09-11'),
('bsaxtonq0', 'bsaxtonq0@bing.com', 'Bendick', 'Saxton', '2021-04-27', '7813 Commercial Plaza', 'Daegu', 'profile_image_2.svg', '0Tx8GE4j0', 2, 1, b'1', '2020-12-09'),
('bshaklehe', 'bshaklehe@tinyurl.com', 'Bradford', 'Shakle', '2020-10-19', '23 Helena Way', 'Nové Strašecí', 'profile_image_2.svg', 'dy4wF36vjCtB', 2, 2, b'1', '2021-02-05'),
('btebbitdc', 'btebbitdc@rambler.ru', 'Brandtr', 'Tebbit', '2021-07-18', '2858 Katie Drive', 'Sotteville-lès-Rouen', 'profile_image_2.svg', 'ACNX3PZ', 2, 2, b'1', '2020-11-15'),
('bthaxton1a', 'bthaxton1a@infoseek.co.jp', 'Bev', 'Thaxton', '2021-07-03', '73 Hanson Junction', 'Puger', 'profile_image_2.svg', 'F8NqEw', 2, 1, b'1', '2020-10-20'),
('bverryan3g', 'bverryan3g@free.fr', 'Barb', 'Verryan', '2021-09-10', '535 Harbort Avenue', 'Horgo', 'profile_image_2.svg', 'sVctTr', 2, 1, b'1', '2021-04-20'),
('bwebsteres', 'bwebsteres@japanpost.jp', 'Blisse', 'Webster', '2021-07-28', '77 Nevada Way', 'Pār Naogaon', 'profile_image_2.svg', 'gMOxa1kfw', 2, 2, b'1', '2021-09-21'),
('calbin73', 'calbin73@bizjournals.com', 'Cristine', 'Albin', '2021-01-02', '85214 Prentice Circle', 'Vievis', 'profile_image_2.svg', 'wFVRCPtiYzk', 2, 1, b'1', '2021-03-20'),
('callport1u', 'callport1u@kickstarter.com', 'Cassandre', 'Allport', '2021-02-19', '9239 Ridgeview Parkway', 'São Brás de Alportel', 'profile_image_2.svg', 'ofgfTJHjpZ', 2, 1, b'1', '2020-12-14'),
('cancliff5c', 'cancliff5c@fastcompany.com', 'Cora', 'Ancliff', '2021-08-27', '29694 Cambridge Court', 'Pakuwon', 'profile_image_2.svg', '07O42H2IuVnf', 2, 1, b'1', '2021-07-02'),
('catcherley3s', 'catcherley3s@blogger.com', 'Charlton', 'Atcherley', '2020-12-18', '307 Burrows Point', 'Bin Yauri', 'profile_image_2.svg', '4MlmEsg', 2, 2, b'1', '2021-05-06'),
('caustinsnh', 'caustinsnh@bigcartel.com', 'Constanta', 'Austins', '2020-12-05', '306 Boyd Avenue', 'Mekarsari', 'profile_image_2.svg', 'NO1pE5', 2, 2, b'1', '2020-10-29'),
('cbestlv', 'cbestlv@multiply.com', 'Clayton', 'Best', '2021-04-08', '1 Lakewood Gardens Court', 'Port Loko', 'profile_image_2.svg', 'FbAitIC', 2, 2, b'1', '2021-08-08'),
('cbottjer95', 'cbottjer95@dyndns.org', 'Cecilia', 'Bottjer', '2021-09-28', '402 Raven Plaza', 'Baisha', 'profile_image_2.svg', 'psHkXj5', 2, 1, b'1', '2021-06-09'),
('ccairdba', 'ccairdba@flavors.me', 'Con', 'Caird', '2021-03-16', '34 Waxwing Drive', 'Drosiá', 'profile_image_2.svg', 'Tw91p8Si', 2, 2, b'1', '2021-02-03'),
('cchesters61', 'cchesters61@ycombinator.com', 'Claude', 'Chesters', '2021-03-31', '5614 Monument Pass', 'Enhe Hada', 'profile_image_2.svg', 'o0IRUnOzwO', 2, 1, b'1', '2021-02-23'),
('cchurchilllb', 'cchurchilllb@photobucket.com', 'Clarita', 'Churchill', '2021-06-30', '50468 Ridgeview Junction', 'Quy Đạt', 'profile_image_2.svg', 'skJSOHP', 2, 1, b'1', '2020-12-01'),
('ccleverly43', 'ccleverly43@army.mil', 'Collie', 'Cleverly', '2021-05-22', '65 David Circle', 'Santo Isidro', 'profile_image_2.svg', 'UrNeTu6KIAR7', 2, 1, b'1', '2020-12-14'),
('cclimienn', 'cclimienn@zdnet.com', 'Cordey', 'Climie', '2021-03-15', '64 Melvin Circle', 'Eshan', 'profile_image_2.svg', 'ds6Jlw5YQ4KH', 2, 1, b'1', '2021-06-24'),
('ccokelyqr', 'ccokelyqr@tripadvisor.com', 'Clarence', 'Cokely', '2021-03-02', '41222 Blaine Hill', 'Uppsala', 'profile_image_2.svg', 'OLDZjXc4YLlf', 2, 1, b'1', '2021-06-13'),
('ccrehanf6', 'ccrehanf6@ucoz.ru', 'Cheslie', 'Crehan', '2021-05-14', '4136 Clyde Gallagher Avenue', 'Banjarbaru', 'profile_image_2.svg', 'VNl9PBfEz', 2, 1, b'1', '2021-05-24'),
('ccuninghameo', 'ccuninghameo@soundcloud.com', 'Cristin', 'Cuningham', '2021-06-06', '6445 Prentice Way', 'Abucay', 'profile_image_2.svg', 'OUzTs7utHk', 2, 1, b'1', '2021-03-15'),
('cdakers9l', 'cdakers9l@reverbnation.com', 'Claus', 'Dakers', '2021-02-14', '81070 Meadow Ridge Pass', 'Artémida', 'profile_image_2.svg', 'LY0o1sSdYN', 2, 1, b'1', '2021-08-09'),
('cdodshondz', 'cdodshondz@state.tx.us', 'Cory', 'Dodshon', '2020-11-11', '55010 Service Park', 'Casal dos Bernardos', 'profile_image_2.svg', 'zb1VnsKhsEAX', 2, 2, b'1', '2021-09-17'),
('cdornan9p', 'cdornan9p@uol.com.br', 'Catlaina', 'Dornan', '2020-10-19', '90 Oakridge Lane', 'Nerópolis', 'profile_image_2.svg', 'PLT0bTA', 2, 1, b'1', '2021-08-30'),
('ceccottee', 'ceccottee@illinois.edu', 'Christophe', 'Eccott', '2020-12-02', '107 Monica Parkway', 'Jalupang Dua', 'profile_image_2.svg', '6ZkjWsqfZ', 2, 2, b'1', '2021-04-26'),
('celfeck', 'celfeck@reference.com', 'Charo', 'Elfe', '2021-04-24', '24670 Hoffman Trail', 'Tonoshō', 'profile_image_2.svg', 'yjl8XfMK6', 2, 2, b'1', '2021-07-17'),
('cfearncb', 'cfearncb@un.org', 'Corrianne', 'Fearn', '2021-05-30', '3 Cherokee Circle', 'Columbia', 'profile_image_2.svg', 'XCcYBLH3', 2, 1, b'1', '2021-04-05'),
('cfieldgate2e', 'cfieldgate2e@1688.com', 'Chrystel', 'Fieldgate', '2021-08-12', '9739 Hoepker Drive', 'Rancaerang', 'profile_image_2.svg', 'dfhNfet', 2, 2, b'1', '2021-06-28'),
('cflancinbaum3', 'cflancinbaum3@chicagotribune.com', 'Constancy', 'Flancinbaum', '2021-01-28', '4337 John Wall Alley', 'Watergrasshill', 'profile_image_2.svg', 'npBZlY362', 2, 1, b'1', '2021-01-23'),
('cgane1v', 'cgane1v@dmoz.org', 'Conrado', 'Gane', '2021-01-07', '3 Pierstorff Trail', 'Rio Covo ( Santa Eul', 'profile_image_2.svg', 'klREupsZ', 2, 1, b'1', '2021-01-11'),
('cgarlingla', 'cgarlingla@prnewswire.com', 'Conn', 'Garling', '2020-10-13', '9 Manufacturers Junction', 'Chaloem Phra Kiat', 'profile_image_2.svg', 'Gr7Mgua1LxwB', 2, 1, b'1', '2021-08-18'),
('cgarzaq3', 'cgarzaq3@typepad.com', 'Con', 'Garza', '2020-11-13', '90 Clove Junction', 'Amagi', 'profile_image_2.svg', 'gacLkcB', 2, 1, b'1', '2021-03-14'),
('cgodboltbo', 'cgodboltbo@alibaba.com', 'Christoffer', 'Godbolt', '2020-12-19', '8 Dapin Lane', 'Luchingu', 'profile_image_2.svg', '2XTL0XkPcwj', 2, 1, b'1', '2020-11-28'),
('cgodierii', 'cgodierii@barnesandnoble.com', 'Celia', 'Godier', '2021-01-06', '61 Valley Edge Hill', 'Sendangwaru', 'profile_image_2.svg', '33Q37tp', 2, 1, b'1', '2021-03-11'),
('cgratrixch', 'cgratrixch@reuters.com', 'Cookie', 'Gratrix', '2021-06-22', '1445 Beilfuss Parkway', 'Odivelas', 'profile_image_2.svg', 'fkazgLjO1s8L', 2, 1, b'1', '2020-12-18'),
('cgrinnellke', 'cgrinnellke@cbslocal.com', 'Cate', 'Grinnell', '2021-02-24', '81 Morning Center', 'Bohus', 'profile_image_2.svg', 'pSjXdIo', 2, 2, b'1', '2021-02-11'),
('chaddicklj', 'chaddicklj@noaa.gov', 'Carney', 'Haddick', '2021-08-02', '2418 Schurz Crossing', 'Empangeni', 'profile_image_2.svg', 'qMusnzUT', 2, 1, b'1', '2021-06-05'),
('cleekeou', 'cleekeou@mysql.com', 'Cherise', 'Leeke', '2020-10-14', '16 Norway Maple Park', 'Fenglin', 'profile_image_2.svg', 'iVAhzj', 2, 1, b'1', '2021-03-15'),
('clefleyrp', 'clefleyrp@github.io', 'Courtnay', 'Lefley', '2021-08-18', '57572 Knutson Pass', 'Linköping', 'profile_image_2.svg', 'NjgeHynIZtw', 2, 1, b'1', '2021-07-28'),
('cleguindk', 'cleguindk@ameblo.jp', 'Constancy', 'Le Guin', '2021-03-08', '8695 Tennyson Parkway', 'Jiangdulu', 'profile_image_2.svg', '17Eo03jywPI', 2, 1, b'1', '2021-02-17'),
('clismoree9', 'clismoree9@google.co.uk', 'Consuelo', 'Lismore', '2021-09-20', '654 Heath Way', 'Kure', 'profile_image_2.svg', '01NzWd', 2, 2, b'1', '2021-05-19'),
('clivardlt', 'clivardlt@youtube.com', 'Charmain', 'Livard', '2021-06-13', '34484 Eastlawn Way', 'Zibu', 'profile_image_2.svg', '6rOgoihQ5JLg', 2, 1, b'1', '2021-09-20'),
('clowseleybz', 'clowseleybz@linkedin.com', 'Cristiano', 'Lowseley', '2021-01-11', '9047 Golden Leaf Hill', 'Maiyema', 'profile_image_2.svg', 'ND9IRgN', 2, 2, b'1', '2021-08-27'),
('clutona0', 'clutona0@ask.com', 'Clarabelle', 'Luton', '2021-08-23', '0626 Debs Court', 'Mococa', 'profile_image_2.svg', 'BgEHZgXkBP', 2, 2, b'1', '2021-09-25'),
('clyes72', 'clyes72@unc.edu', 'Chiquita', 'Lyes', '2021-03-30', '8 Anhalt Street', 'Pikalëvo', 'profile_image_2.svg', 'n2ghGrB', 2, 1, b'1', '2021-01-03'),
('cmabb90', 'cmabb90@discovery.com', 'Cesar', 'Mabb', '2021-08-21', '137 Elka Crossing', 'Monte Aprazível', 'profile_image_2.svg', 'yvhCelu', 2, 2, b'1', '2020-12-02'),
('cmackinnonli', 'cmackinnonli@fastcompany.com', 'Chrissy', 'MacKinnon', '2021-10-03', '31872 Pennsylvania Center', 'Gouménissa', 'profile_image_2.svg', 'vRiQSckbe', 2, 2, b'1', '2020-12-26'),
('cmalleboneeh', 'cmalleboneeh@privacy.gov.au', 'Conroy', 'Mallebone', '2021-03-02', '3 Acker Court', 'Iracemápolis', 'profile_image_2.svg', 'EWXYh1A', 2, 1, b'1', '2021-05-14'),
('cmardy6l', 'cmardy6l@imgur.com', 'Clair', 'Mardy', '2021-01-27', '3382 Victoria Way', 'Maruoka', 'profile_image_2.svg', '53dxjgv', 2, 1, b'1', '2021-03-08'),
('cmatkovicdw', 'cmatkovicdw@geocities.jp', 'Chuck', 'Matkovic', '2021-07-01', '44 Cordelia Trail', 'Hafrsfjord', 'profile_image_2.svg', 'ROcSnsZRoVj', 2, 1, b'1', '2020-12-21'),
('cmaundbh', 'cmaundbh@mail.ru', 'Carolan', 'Maund', '2021-06-19', '966 Birchwood Road', 'Mampong', 'profile_image_2.svg', 'aMCH5dT', 2, 1, b'1', '2021-01-08'),
('cmccourt9b', 'cmccourt9b@theguardian.com', 'Coriss', 'McCourt', '2021-09-22', '58 Morning Center', 'Mawu', 'profile_image_2.svg', 'iCcktzk3e', 2, 1, b'1', '2021-02-23'),
('cmcgaugheyh1', 'cmcgaugheyh1@wikia.com', 'Charmine', 'Mc Gaughey', '2021-10-01', '2390 Dennis Crossing', 'Banī Khallād', 'profile_image_2.svg', 'ZkvxFlsJZ5qe', 2, 1, b'1', '2020-11-25'),
('cmerseyl8', 'cmerseyl8@europa.eu', 'Christel', 'Mersey', '2020-11-11', '3 Hagan Crossing', 'Uniejów', 'profile_image_2.svg', 'xnXKH0', 2, 1, b'1', '2021-03-25'),
('cmogrago', 'cmogrago@nih.gov', 'Cass', 'Mogra', '2021-05-20', '706 Butterfield Plaza', 'Eisen', 'profile_image_2.svg', 'Uqqmowl', 2, 2, b'1', '2021-08-31'),
('cmorrittfv', 'cmorrittfv@1und1.de', 'Chickie', 'Morritt', '2021-01-02', '415 Dorton Way', 'Manjo', 'profile_image_2.svg', 'ZPJtapcagv2', 2, 2, b'1', '2021-09-27'),
('cmullisgy', 'cmullisgy@stumbleupon.com', 'Chuck', 'Mullis', '2020-11-25', '64510 Corry Lane', 'Gedera', 'profile_image_2.svg', 'bVOPBhO', 2, 2, b'1', '2021-06-15'),
('coveril4x', 'coveril4x@accuweather.com', 'Carmelle', 'Overil', '2021-08-21', '03280 Hoard Junction', 'Donghe', 'profile_image_2.svg', 'Uamlxm0', 2, 1, b'1', '2021-06-21'),
('cprestland4o', 'cprestland4o@github.com', 'Clementius', 'Prestland', '2021-07-21', '0851 Menomonie Point', 'Paulo Afonso', 'profile_image_2.svg', 'cm15KIca', 2, 2, b'1', '2021-07-19'),
('crampage3o', 'crampage3o@hostgator.com', 'Constantina', 'Rampage', '2020-12-01', '3182 Jay Alley', 'Corga', 'profile_image_2.svg', '7wpCED', 2, 1, b'1', '2021-04-10'),
('crefordpr', 'crefordpr@hugedomains.com', 'Carrol', 'Reford', '2021-09-18', '64884 Parkside Crossing', 'Dongwan', 'profile_image_2.svg', '8XZE2W', 2, 1, b'1', '2021-01-14'),
('croyste78', 'croyste78@vkontakte.ru', 'Claudie', 'Royste', '2021-01-29', '0502 Briar Crest Lane', 'Selaparang Timur', 'profile_image_2.svg', 't5mHrP0J1Xa', 2, 2, b'1', '2021-01-18'),
('csayerix', 'csayerix@taobao.com', 'Carmine', 'Sayer', '2021-04-16', '668 Graedel Point', 'São Sebastião do Par', 'profile_image_2.svg', 'n34dDV9vk', 2, 1, b'1', '2021-05-28'),
('csherington8d', 'csherington8d@microsoft.com', 'Carver', 'Sherington', '2021-05-04', '3966 New Castle Trail', 'El Carmen de Bolívar', 'profile_image_2.svg', 'niLjCRLiph', 2, 2, b'1', '2021-04-29'),
('cstobbs8a', 'cstobbs8a@cafepress.com', 'Chaunce', 'Stobbs', '2020-11-20', '019 Amoth Place', 'Tunasbaru', 'profile_image_2.svg', 'Wqvju3M4ueKJ', 2, 2, b'1', '2021-04-14'),
('ctometml', 'ctometml@livejournal.com', 'Caterina', 'Tomet', '2021-10-01', '4 Pierstorff Pass', 'Grängesberg', 'profile_image_2.svg', 'smUcjW8f5', 2, 1, b'1', '2021-07-16'),
('ctoohey8e', 'ctoohey8e@google.fr', 'Consuelo', 'Toohey', '2021-02-03', '14 Corben Alley', 'Marāveh Tappeh', 'profile_image_2.svg', 'mnDSXEPf2V', 2, 1, b'1', '2021-02-07'),
('cturbefieldgl', 'cturbefieldgl@yellowpages.com', 'Chancey', 'Turbefield', '2021-02-23', '82346 Washington Terrace', 'Poputnaya', 'profile_image_2.svg', 'i3zf5f', 2, 1, b'1', '2021-01-05'),
('cuebel6b', 'cuebel6b@google.co.uk', 'Charlotta', 'Uebel', '2020-11-18', '4601 Amoth Trail', 'Querecotillo', 'profile_image_2.svg', 'FPHjA2523', 2, 2, b'1', '2020-11-06'),
('cvanneq5', 'cvanneq5@facebook.com', 'Chryste', 'Vanne', '2021-02-05', '431 International Place', 'Rouen', 'profile_image_2.svg', 'K23cuxIl9', 2, 2, b'1', '2021-06-21'),
('cverlindenpn', 'cverlindenpn@adobe.com', 'Carolyne', 'Verlinden', '2020-12-18', '015 Hoepker Trail', 'Rāmhormoz', 'profile_image_2.svg', 'MIHXoaYh', 2, 1, b'1', '2021-02-13'),
('cwalkling5z', 'cwalkling5z@free.fr', 'Cory', 'Walkling', '2021-07-25', '14336 Buhler Road', 'Salisbury', 'profile_image_2.svg', '15qTELbr8lLC', 2, 2, b'1', '2021-07-02'),
('cwassonj2', 'cwassonj2@pcworld.com', 'Christiane', 'Wasson', '2021-02-13', '2 Vidon Drive', 'Senovo', 'profile_image_2.svg', '7u4YQj79SWg5', 2, 1, b'1', '2021-07-19'),
('cwhatecc', 'cwhatecc@businessweek.com', 'Cornela', 'Whate', '2021-08-16', '085 Lukken Road', 'Houmt Souk', 'profile_image_2.svg', 'TuZDC5mmIb', 2, 1, b'1', '2020-12-16'),
('cwimburygi', 'cwimburygi@psu.edu', 'Clementina', 'Wimbury', '2021-06-07', '7649 Colorado Terrace', 'Santo Estêvão', 'profile_image_2.svg', 'TxNYnZxC', 2, 2, b'1', '2021-05-04'),
('cwixeymv', 'cwixeymv@china.com.cn', 'Celina', 'Wixey', '2021-05-24', '441 Luster Drive', 'Ash Shajarah', 'profile_image_2.svg', 'OXjNQTWzm', 2, 1, b'1', '2021-01-10'),
('cwombwelley', 'cwombwelley@angelfire.com', 'Carine', 'Wombwell', '2021-02-25', '8 Sachs Lane', 'Mporokoso', 'profile_image_2.svg', '9yr33rlY1', 2, 2, b'1', '2021-10-02'),
('czoellner6y', 'czoellner6y@twitpic.com', 'Chloette', 'Zoellner', '2020-12-02', '17820 Bashford Trail', 'Shuren', 'profile_image_2.svg', 'q0xK2ItV3O3', 2, 1, b'1', '2020-11-16'),
('daldermanrn', 'daldermanrn@reuters.com', 'Darbie', 'Alderman', '2020-11-02', '32812 Paget Center', 'Lac La Biche', 'profile_image_2.svg', 'IJqWClN', 2, 1, b'1', '2021-02-28'),
('dallmenps', 'dallmenps@biglobe.ne.jp', 'Daryl', 'Allmen', '2021-05-24', '3185 Mallard Alley', 'New York City', 'profile_image_2.svg', 'sPaM84D2Y', 2, 1, b'1', '2021-06-18'),
('damdohr19', 'damdohr19@columbia.edu', 'Darbee', 'Amdohr', '2021-04-09', '2 Morrow Place', 'Åkersberga', 'profile_image_2.svg', 'vB9Z3fs', 2, 2, b'1', '2020-10-25'),
('dboytonha', 'dboytonha@xing.com', 'Dag', 'Boyton', '2020-10-24', '671 Lakewood Circle', 'Cipesing', 'profile_image_2.svg', 'OniHC7hapWa', 2, 1, b'1', '2021-07-10'),
('dbucklee5k', 'dbucklee5k@parallels.com', 'Dinnie', 'Bucklee', '2021-04-29', '9 Prairieview Court', 'Tangzhuang', 'profile_image_2.svg', 'e0EfOOKtJ', 2, 2, b'1', '2021-01-06'),
('dburchilll6', 'dburchilll6@hatena.ne.jp', 'Dunn', 'Burchill', '2021-01-22', '94 Lindbergh Place', 'Kikinda', 'profile_image_2.svg', 'ZPZoYq', 2, 2, b'1', '2021-10-10'),
('dburgneav', 'dburgneav@wikispaces.com', 'Desmond', 'Burgne', '2020-12-06', '5101 Pleasure Way', 'Grabów', 'profile_image_2.svg', 'm7lJfKj', 2, 1, b'1', '2021-05-29'),
('dcairdbv', 'dcairdbv@hostgator.com', 'Delphinia', 'Caird', '2021-02-04', '1 Lukken Pass', 'Clermont-Ferrand', 'profile_image_2.svg', 'zbFgi8Nzs', 2, 1, b'1', '2021-07-24'),
('dcanwell3z', 'dcanwell3z@fastcompany.com', 'Dari', 'Canwell', '2021-06-11', '8 Sugar Parkway', 'Wiang Chiang Rung', 'profile_image_2.svg', 'd4iXJf', 2, 1, b'1', '2021-01-12'),
('dchaundyqj', 'dchaundyqj@slideshare.net', 'Dehlia', 'Chaundy', '2021-04-04', '110 Bashford Hill', 'Yangjiaqiao', 'profile_image_2.svg', '8DHvMQK7z', 2, 1, b'1', '2021-06-29'),
('dcrichton1p', 'dcrichton1p@blogtalkradio.com', 'Desi', 'Crichton', '2021-06-10', '90 Gina Lane', 'Macapá', 'profile_image_2.svg', 'rWEEOg2', 2, 1, b'1', '2020-11-01'),
('ddampierbu', 'ddampierbu@google.cn', 'Dukie', 'Dampier', '2021-08-18', '8762 Thierer Road', 'Araxá', 'profile_image_2.svg', 'EEOTfE5HfU3', 2, 2, b'1', '2020-11-11'),
('ddawdryot', 'ddawdryot@symantec.com', 'Deck', 'Dawdry', '2021-01-04', '0 Transport Street', 'Jiashan', 'profile_image_2.svg', 'cnc5iW5r', 2, 1, b'1', '2021-09-03'),
('ddeelay82', 'ddeelay82@state.tx.us', 'Dani', 'Deelay', '2021-08-09', '25 Cambridge Alley', 'Tashtagol', 'profile_image_2.svg', 'u1dDfE7s7', 2, 1, b'1', '2021-06-05'),
('ddurbanhd', 'ddurbanhd@cbslocal.com', 'Devin', 'Durban', '2021-05-04', '4479 Derek Junction', 'Cachan', 'profile_image_2.svg', 'e5xHstZPSj7B', 2, 1, b'1', '2020-12-24'),
('dfaragher4v', 'dfaragher4v@g.co', 'Della', 'Faragher', '2021-08-14', '7792 Old Shore Road', 'Sanjiang', 'profile_image_2.svg', 'wcUKZM', 2, 2, b'1', '2021-05-03'),
('dfrankcombe3w', 'dfrankcombe3w@cnet.com', 'Darell', 'Frankcombe', '2021-06-17', '4 Ronald Regan Lane', 'Kabanga', 'profile_image_2.svg', 'nomNt55FWUK', 2, 2, b'1', '2021-04-28'),
('dfulepkg', 'dfulepkg@about.me', 'Del', 'Fulep', '2021-06-25', '2 Namekagon Court', 'Kyenjojo', 'profile_image_2.svg', 'BTHfqQb5gd', 2, 1, b'1', '2021-04-15'),
('dgiannazzify', 'dgiannazzify@networksolutions.com', 'Dominique', 'Giannazzi', '2020-12-06', '2 Autumn Leaf Hill', 'Lohong', 'profile_image_2.svg', 'fUTFXW5h4Ql0', 2, 2, b'1', '2021-09-26'),
('dgillowpt', 'dgillowpt@chronoengine.com', 'Dalt', 'Gillow', '2020-11-24', '8201 Prairieview Terrace', 'Ichnya', 'profile_image_2.svg', 'Dp6W50laia', 2, 2, b'1', '2021-07-27'),
('dgoadygp', 'dgoadygp@youku.com', 'Deonne', 'Goady', '2021-08-24', '9 Troy Lane', 'Shawnee Mission', 'profile_image_2.svg', 'CmeBxoPjGvL7', 2, 1, b'1', '2020-11-26'),
('dgorriesjc', 'dgorriesjc@google.de', 'Dulci', 'Gorries', '2021-01-10', '588 Forest Drive', 'Bắc Ninh', 'profile_image_2.svg', 'qgxUv5FS1', 2, 2, b'1', '2021-08-26'),
('dhaydon96', 'dhaydon96@phpbb.com', 'Devlin', 'Haydon', '2020-10-13', '55727 Darwin Place', 'Almeria', 'profile_image_2.svg', '0QqE05ONKgyV', 2, 1, b'1', '2021-06-23'),
('dhousecroftk4', 'dhousecroftk4@mediafire.com', 'Doro', 'Housecroft', '2020-12-19', '836 Southridge Plaza', 'Ōkawara', 'profile_image_2.svg', 'b0NpD9CAFor', 2, 1, b'1', '2021-06-07'),
('diceton2t', 'diceton2t@google.ca', 'Darrell', 'Iceton', '2021-06-19', '260 Hooker Street', 'Šavnik', 'profile_image_2.svg', 'IZRIyOD', 2, 2, b'1', '2021-07-09'),
('dingreda9n', 'dingreda9n@arstechnica.com', 'Dasha', 'Ingreda', '2021-04-04', '5 Mcguire Crossing', 'Carbajales', 'profile_image_2.svg', 'SFSxgQqou', 2, 1, b'1', '2020-10-22'),
('djacson4e', 'djacson4e@elpais.com', 'Demetra', 'Jacson', '2021-09-20', '04895 Messerschmidt Circle', 'Port-à-Piment', 'profile_image_2.svg', '56dP9VoYF5', 2, 2, b'1', '2020-11-26'),
('djossn1', 'djossn1@tmall.com', 'Dianemarie', 'Joss', '2021-01-21', '0 Di Loreto Crossing', 'Seseng', 'profile_image_2.svg', 'QRhhOuwK5', 2, 1, b'1', '2021-06-18'),
('dkenewel3m', 'dkenewel3m@jimdo.com', 'Dunn', 'Kenewel', '2020-12-16', '5 Fuller Terrace', 'Banja Luka', 'profile_image_2.svg', 'Pj33DVQd', 2, 1, b'1', '2020-11-17'),
('dkinningleyc', 'dkinningleyc@goo.ne.jp', 'Delmar', 'Kinningley', '2021-01-13', '6 Daystar Place', 'Lagawe', 'profile_image_2.svg', 'rM68K7', 2, 2, b'1', '2020-12-04'),
('dkobpacat', 'dkobpacat@4shared.com', 'Dacey', 'Kobpac', '2021-07-04', '921 Gateway Pass', 'Bantaeng', 'profile_image_2.svg', 'jneVgF', 2, 2, b'1', '2021-07-05'),
('dlayson7e', 'dlayson7e@umn.edu', 'Dewitt', 'Layson', '2021-06-02', '155 Shoshone Hill', 'Brochów', 'profile_image_2.svg', 'qTd9L8NBXwF', 2, 2, b'1', '2021-02-24'),
('dluxmoore5w', 'dluxmoore5w@ezinearticles.com', 'Darell', 'Luxmoore', '2021-04-01', '5 Delladonna Court', 'Tarsouat', 'profile_image_2.svg', 'OixmFJHjIoi', 2, 2, b'1', '2020-11-22'),
('dmackeaguelw', 'dmackeaguelw@geocities.jp', 'Donavon', 'MacKeague', '2021-09-20', '887 East Hill', 'Lebak', 'profile_image_2.svg', '1xQHy2', 2, 2, b'1', '2021-08-31'),
('dmainds6s', 'dmainds6s@dedecms.com', 'D\'arcy', 'Mainds', '2021-07-21', '82713 Blackbird Lane', 'Ekpoma', 'profile_image_2.svg', 'WQF61Niu', 2, 1, b'1', '2020-11-23'),
('dmasterton3e', 'dmasterton3e@earthlink.net', 'Dov', 'Masterton', '2021-08-18', '593 Westport Pass', 'Cabean', 'profile_image_2.svg', 'cyynxtw9TwL8', 2, 2, b'1', '2020-11-28'),
('dmaxwell8b', 'dmaxwell8b@state.gov', 'Dorey', 'Maxwell', '2020-10-25', '0607 Ridge Oak Way', 'Huangshi', 'profile_image_2.svg', 'mWJzgBzt', 2, 2, b'1', '2021-02-01'),
('dmcgaugheyds', 'dmcgaugheyds@blogger.com', 'Devin', 'Mc Gaughey', '2021-04-28', '1184 Londonderry Lane', 'Casal da Serra', 'profile_image_2.svg', 'dVOu4iwZXUJ', 2, 1, b'1', '2021-06-26'),
('dmeffenhh', 'dmeffenhh@geocities.com', 'Darrelle', 'Meffen', '2021-08-08', '91687 Eastlawn Place', 'Mekkaw', 'profile_image_2.svg', 'n6FAK7', 2, 2, b'1', '2020-11-29'),
('dmeob0', 'dmeob0@ted.com', 'Dee', 'Meo', '2021-05-15', '6080 Graedel Center', 'Angra do Heroísmo', 'profile_image_2.svg', '3VGiybePmM', 2, 2, b'1', '2021-02-20'),
('dminchintonhz', 'dminchintonhz@squidoo.com', 'Doralynn', 'Minchinton', '2021-09-24', '213 Becker Trail', 'Tanjiaqiao', 'profile_image_2.svg', 'aGJaAsj74t67', 2, 2, b'1', '2021-05-12'),
('dmoorcraftkh', 'dmoorcraftkh@hud.gov', 'Derwin', 'Moorcraft', '2021-06-19', '2 Ryan Plaza', 'Hendaye', 'profile_image_2.svg', 'KEmISoypeeQ', 2, 1, b'1', '2021-06-21'),
('doldredhq', 'doldredhq@jimdo.com', 'Dave', 'Oldred', '2021-03-16', '66 Del Mar Hill', 'Liushikou', 'profile_image_2.svg', 'REc35s', 2, 2, b'1', '2020-11-21'),
('dpakesdm', 'dpakesdm@independent.co.uk', 'Dukey', 'Pakes', '2021-08-31', '39415 Mcbride Way', 'Hushaat', 'profile_image_2.svg', '9BREjJwFT4', 2, 1, b'1', '2020-12-13'),
('dparrfa', 'dparrfa@howstuffworks.com', 'Dominick', 'Parr', '2021-04-26', '8 Ridge Oak Plaza', 'Cervantes', 'profile_image_2.svg', 'l9gfnfgI', 2, 1, b'1', '2020-11-15'),
('dpaveserc', 'dpaveserc@ning.com', 'Devy', 'Pavese', '2021-06-22', '17 Gale Court', 'Deneysville', 'profile_image_2.svg', 'AteCKsF5qkA9', 2, 1, b'1', '2021-03-02'),
('dperillogg', 'dperillogg@census.gov', 'Delores', 'Perillo', '2021-07-08', '5599 Dexter Junction', 'Laspezia', 'profile_image_2.svg', 'nLzgWU', 2, 2, b'1', '2021-03-22'),
('dpickworthe2', 'dpickworthe2@gizmodo.com', 'Dell', 'Pickworth', '2020-10-19', '63 Hermina Circle', 'Washington', 'profile_image_2.svg', 'fcbID3jo6', 2, 1, b'1', '2021-03-17'),
('dpowisjq', 'dpowisjq@networkadvertising.org', 'Dolley', 'Powis', '2020-12-24', '7 Mariners Cove Circle', 'Kaavi', 'profile_image_2.svg', 'TosazCdd1p8', 2, 1, b'1', '2021-07-15'),
('dpurnell51', 'dpurnell51@pinterest.com', 'Donovan', 'Purnell', '2021-08-20', '563 Mockingbird Court', 'Kungsbacka', 'profile_image_2.svg', 'obcq2XF', 2, 1, b'1', '2021-02-24'),
('dquartermainaa', 'dquartermainaa@stumbleupon.com', 'Drew', 'Quartermain', '2020-12-11', '58579 Vernon Crossing', 'Wierzawice', 'profile_image_2.svg', 'n9DZEDN7ij', 2, 1, b'1', '2021-02-19'),
('dredparthea', 'dredparthea@usnews.com', 'Dulcine', 'Redparth', '2020-12-16', '0933 Sunfield Lane', 'Progreso', 'profile_image_2.svg', 'nfQxifz', 2, 2, b'1', '2021-08-03'),
('drobberechtoi', 'drobberechtoi@vimeo.com', 'Des', 'Robberecht', '2021-06-01', '272 Carpenter Center', 'Washington', 'profile_image_2.svg', '5VhXTTaHEoXi', 2, 1, b'1', '2020-12-10'),
('drozzellcu', 'drozzellcu@desdev.cn', 'Drusy', 'Rozzell', '2021-06-04', '1 Brown Trail', 'Qalaikhumb', 'profile_image_2.svg', 'ZrbtoVAXnYh', 2, 1, b'1', '2021-08-25'),
('dscardefield2q', 'dscardefield2q@opera.com', 'Donnie', 'Scardefield', '2020-11-14', '214 Butternut Terrace', 'As Sūsah', 'profile_image_2.svg', 'eGjLqmGp', 2, 2, b'1', '2021-03-16'),
('dshotboultekt', 'dshotboultekt@ycombinator.com', 'Dix', 'Shotboulte', '2021-06-07', '25748 Sunfield Hill', 'Nuevitas', 'profile_image_2.svg', 'eWKXzfFb1V', 2, 1, b'1', '2021-09-01'),
('dskelington4t', 'dskelington4t@google.fr', 'Dyanne', 'Skelington', '2021-09-01', '7572 Londonderry Place', 'Sadowie', 'profile_image_2.svg', 'ZkDmih64bU', 2, 2, b'1', '2021-04-09'),
('dspillmandn', 'dspillmandn@loc.gov', 'Dacy', 'Spillman', '2020-11-21', '0 Golf Park', 'Ruda Maleniecka', 'profile_image_2.svg', 'mCoIA5UM', 2, 2, b'1', '2021-07-22');
INSERT INTO `users` (`username`, `email`, `name`, `surname`, `nacimiento`, `direccion`, `localidad`, `profile`, `password`, `rol`, `gen`, `isProminent`, `created_at`) VALUES
('dspoward9o', 'dspoward9o@cbslocal.com', 'Deena', 'Spoward', '2021-02-03', '54238 North Road', 'Teminabuan', 'profile_image_2.svg', 'VBaJi36dIdD', 2, 1, b'1', '2021-02-04'),
('dspurierec', 'dspurierec@disqus.com', 'Damien', 'Spurier', '2020-11-12', '9 International Street', 'Haoxue', 'profile_image_2.svg', 'RC8t6mv6', 2, 1, b'1', '2021-01-03'),
('dstackbridgeme', 'dstackbridgeme@meetup.com', 'Deanna', 'Stackbridge', '2021-06-07', '5 Summer Ridge Road', 'Chhāgalnāiya', 'profile_image_2.svg', 'NKkwP3UveC', 2, 2, b'1', '2020-10-22'),
('dstoggellc1', 'dstoggellc1@sbwire.com', 'Drusie', 'Stoggell', '2021-07-06', '9306 Westport Hill', 'Shaxi', 'profile_image_2.svg', '3H2Fx2qxnz', 2, 1, b'1', '2021-06-14'),
('dsuttelloc', 'dsuttelloc@squarespace.com', 'Dre', 'Suttell', '2021-02-26', '460 Declaration Crossing', 'Svorónos', 'profile_image_2.svg', 'UrlEQ7', 2, 1, b'1', '2021-04-08'),
('dtallant4h', 'dtallant4h@businessinsider.com', 'Dill', 'Tallant', '2021-07-02', '3 Dovetail Pass', 'Ushirombo', 'profile_image_2.svg', 'VwL4Xyx', 2, 2, b'1', '2021-05-03'),
('dtoor8f', 'dtoor8f@eventbrite.com', 'Delilah', 'Toor', '2021-08-05', '976 Arkansas Lane', 'Achanizo', 'profile_image_2.svg', 'ZYdH36vV2DSG', 2, 1, b'1', '2021-09-15'),
('dtortis7g', 'dtortis7g@cdc.gov', 'Donnamarie', 'Tortis', '2021-07-27', '0078 Memorial Parkway', 'Yigo Village', 'profile_image_2.svg', 'hWtv2tunY', 2, 1, b'1', '2021-09-29'),
('dwelham8h', 'dwelham8h@shinystat.com', 'Derwin', 'Welham', '2021-08-04', '495 Thompson Terrace', 'Shenavan', 'profile_image_2.svg', 'oWnsfkDe12QJ', 2, 1, b'1', '2020-12-05'),
('dwellwoodek', 'dwellwoodek@chronoengine.com', 'Desmond', 'Wellwood', '2020-11-03', '97 Eastwood Plaza', 'Oslo', 'profile_image_2.svg', 'XZXtdjK8If', 2, 1, b'1', '2021-07-15'),
('dwhal6c', 'dwhal6c@twitter.com', 'Dianemarie', 'Whal', '2021-09-05', '20 Manufacturers Avenue', 'Chengdong', 'profile_image_2.svg', 'pqFXB6n', 2, 1, b'1', '2020-12-23'),
('dwhitmarshm1', 'dwhitmarshm1@etsy.com', 'Dreddy', 'Whitmarsh', '2021-05-20', '403 Clemons Junction', 'Cibitung', 'profile_image_2.svg', 'Qa0mU8l', 2, 2, b'1', '2021-07-31'),
('dwhybrow6p', 'dwhybrow6p@google.de', 'Devlen', 'Whybrow', '2021-05-04', '5 Old Gate Way', 'Pochinki', 'profile_image_2.svg', 'j71rbobjG', 2, 1, b'1', '2021-04-29'),
('dwillicottbm', 'dwillicottbm@unicef.org', 'Davey', 'Willicott', '2021-01-04', '38074 Hoffman Alley', 'La Unión', 'profile_image_2.svg', 't5aGHrMgTgw', 2, 2, b'1', '2021-07-08'),
('dwilliscroftqx', 'dwilliscroftqx@loc.gov', 'Deborah', 'Williscroft', '2021-01-23', '48455 Drewry Park', 'Kant', 'profile_image_2.svg', 'Xtx9SPnpU', 2, 2, b'1', '2020-12-22'),
('dwollenfu', 'dwollenfu@theguardian.com', 'Dulsea', 'Wollen', '2021-07-12', '095 Oak Drive', 'Rawawilis', 'profile_image_2.svg', 'EeaK5U3QU', 2, 2, b'1', '2021-02-03'),
('dwoolensro', 'dwoolensro@nhs.uk', 'Damara', 'Woolens', '2021-02-23', '4 Randy Crossing', 'La Francia', 'profile_image_2.svg', 'UIr3Ul', 2, 1, b'1', '2021-08-20'),
('dwoolmorecf', 'dwoolmorecf@wix.com', 'Dale', 'Woolmore', '2021-01-03', '99852 Bunting Road', 'Ōta', 'profile_image_2.svg', 'kBuLlugAFn', 2, 1, b'1', '2020-11-25'),
('dyongeg8', 'dyongeg8@bizjournals.com', 'Dominick', 'Yonge', '2021-03-21', '00048 Brentwood Pass', 'Botshabelo', 'profile_image_2.svg', '8KxdGW', 2, 1, b'1', '2020-12-06'),
('ealldis7i', 'ealldis7i@prlog.org', 'Edythe', 'Alldis', '2021-05-29', '837 Glendale Court', 'Alor Setar', 'profile_image_2.svg', 'w5KnJnSa2', 2, 2, b'1', '2021-10-05'),
('ebatistellinv', 'ebatistellinv@about.com', 'Edward', 'Batistelli', '2021-03-01', '438 Myrtle Circle', 'Kimry', 'profile_image_2.svg', '33WsongMSk9G', 2, 1, b'1', '2020-12-22'),
('ebeasleighmk', 'ebeasleighmk@macromedia.com', 'Etan', 'Beasleigh', '2021-08-22', '275 Sunbrook Avenue', 'Buynaksk', 'profile_image_2.svg', 'F1LOYNS', 2, 1, b'1', '2021-07-06'),
('ebengerms', 'ebengerms@linkedin.com', 'Elmore', 'Benger', '2021-03-11', '92 Talmadge Lane', 'Cicuco', 'profile_image_2.svg', 'REkhEl', 2, 2, b'1', '2020-12-01'),
('ebessettpj', 'ebessettpj@cbslocal.com', 'Ezri', 'Bessett', '2020-11-26', '71507 Cody Drive', 'Denton', 'profile_image_2.svg', 'aADL30DoInM', 2, 2, b'1', '2021-07-30'),
('ebewly27', 'ebewly27@japanpost.jp', 'Erda', 'Bewly', '2021-05-21', '97377 Golf Park', 'Taywanak Ilaya', 'profile_image_2.svg', '0m78qHZfa6Pj', 2, 2, b'1', '2021-07-22'),
('ecasacchia1b', 'ecasacchia1b@guardian.co.uk', 'Enos', 'Casacchia', '2021-01-09', '9473 Talmadge Crossing', 'Aktau', 'profile_image_2.svg', 'dmZiBnOFC3C', 2, 1, b'1', '2020-11-12'),
('echevis24', 'echevis24@reference.com', 'Elena', 'Chevis', '2021-05-28', '5 3rd Park', 'Thị Trấn Mù Cang Chả', 'profile_image_2.svg', 'qQyFnU', 2, 1, b'1', '2020-11-27'),
('eciobutaru8t', 'eciobutaru8t@etsy.com', 'Ediva', 'Ciobutaru', '2020-10-16', '0464 Southridge Junction', 'Náchod', 'profile_image_2.svg', '5YqQygXCSr', 2, 1, b'1', '2021-09-26'),
('ecornely5y', 'ecornely5y@dailymail.co.uk', 'Engracia', 'Cornely', '2021-01-20', '2938 Marquette Terrace', 'Tambilil', 'profile_image_2.svg', 'Z0rQhRHuWlRu', 2, 1, b'1', '2021-09-30'),
('ecowiemn', 'ecowiemn@ifeng.com', 'Erny', 'Cowie', '2020-12-14', '04 Rowland Road', 'Alcaldedíaz', 'profile_image_2.svg', '9g9gHxhxPC', 2, 1, b'1', '2021-07-22'),
('ecreyke6d', 'ecreyke6d@clickbank.net', 'Erin', 'Creyke', '2021-07-18', '29 Lerdahl Place', 'Khisarya', 'profile_image_2.svg', 'TQipz21As', 2, 1, b'1', '2021-05-06'),
('ecrickett20', 'ecrickett20@spotify.com', 'Elwira', 'Crickett', '2021-04-06', '0082 Artisan Circle', 'Daxi', 'profile_image_2.svg', 'yxqkrSG', 2, 2, b'1', '2021-06-07'),
('ecultchethh8', 'ecultchethh8@opera.com', 'Everett', 'Cultcheth', '2021-06-07', '26635 Onsgard Way', 'Yaodian', 'profile_image_2.svg', 'jsPwsM', 2, 1, b'1', '2021-07-09'),
('ecussons3q', 'ecussons3q@nytimes.com', 'Ellery', 'Cussons', '2021-01-08', '08 Stephen Alley', 'Witkowo', 'profile_image_2.svg', '8VQ6JldJ', 2, 1, b'1', '2021-03-22'),
('edarrigoos', 'edarrigoos@time.com', 'Elka', 'D\'Arrigo', '2021-07-02', '3378 Ludington Drive', 'Massaguet', 'profile_image_2.svg', 'Z0wTnmJBwnKd', 2, 2, b'1', '2020-11-12'),
('edimondg6', 'edimondg6@arizona.edu', 'Elke', 'Dimond', '2021-08-23', '95159 Spenser Point', 'Matriz de Camaragibe', 'profile_image_2.svg', 'UBQJhyjp', 2, 2, b'1', '2020-11-16'),
('edolligon7a', 'edolligon7a@mlb.com', 'Everett', 'Dolligon', '2021-01-06', '3 Steensland Place', 'Rufino', 'profile_image_2.svg', '45fIIF', 2, 2, b'1', '2020-11-23'),
('edominybj', 'edominybj@businesswire.com', 'Errick', 'Dominy', '2021-03-04', '86790 Green Road', 'Isniq', 'profile_image_2.svg', 'C96ekVEOz', 2, 2, b'1', '2021-09-03'),
('edunyf1', 'edunyf1@irs.gov', 'Ellynn', 'Duny', '2021-01-27', '1 Quincy Court', 'Lalukoen Dua', 'profile_image_2.svg', 'eG5A9MDotfdR', 2, 1, b'1', '2020-12-16'),
('eendon68', 'eendon68@cafepress.com', 'Eileen', 'Endon', '2020-12-28', '2242 Parkside Pass', 'Kudahuvadhoo', 'profile_image_2.svg', 'RHfQV1OOysl', 2, 1, b'1', '2021-08-30'),
('eflowithd', 'eflowithd@scribd.com', 'Ernesta', 'Flowith', '2020-10-13', '9573 Hollow Ridge Avenue', 'Viale', 'profile_image_2.svg', 'PdZY6we8Dxs', 2, 2, b'1', '2021-06-25'),
('eforsydepe', 'eforsydepe@discuz.net', 'Estrella', 'Forsyde', '2021-04-09', '8 Schiller Alley', 'Mirandela', 'profile_image_2.svg', 'trtkoR5nC9GG', 2, 1, b'1', '2021-09-01'),
('egarnett80', 'egarnett80@ycombinator.com', 'Erich', 'Garnett', '2021-02-23', '000 Northwestern Hill', 'Alistráti', 'profile_image_2.svg', 'hRlcTddR', 2, 1, b'1', '2020-11-16'),
('eglasmanb', 'eglasmanb@weebly.com', 'Eugine', 'Glasman', '2021-01-22', '7052 Goodland Trail', 'Shengli', 'profile_image_2.svg', 'N6L6JNYE', 2, 1, b'1', '2021-04-25'),
('egrayshanp1', 'egrayshanp1@cbslocal.com', 'Ezechiel', 'Grayshan', '2020-10-18', '029 Summit Plaza', 'Rozsypne', 'profile_image_2.svg', 'sWjavW', 2, 1, b'1', '2021-08-19'),
('ehabense7', 'ehabense7@loc.gov', 'Emalia', 'Habens', '2021-10-01', '4 Graedel Center', 'Citangtu Kaler', 'profile_image_2.svg', '4ONCw64d', 2, 1, b'1', '2021-10-07'),
('ehardwidgebs', 'ehardwidgebs@naver.com', 'Elie', 'Hardwidge', '2021-01-20', '4 Hoepker Place', 'Zhenziliang', 'profile_image_2.svg', 'g11htcv', 2, 1, b'1', '2021-05-02'),
('ejakoubecv', 'ejakoubecv@dedecms.com', 'Eb', 'Jakoubec', '2021-05-25', '76 Farmco Way', 'Gasri', 'profile_image_2.svg', '1pJJlDWa', 2, 2, b'1', '2021-07-26'),
('ejobernfk', 'ejobernfk@narod.ru', 'Ernst', 'Jobern', '2021-06-27', '7446 Birchwood Point', 'Longwu', 'profile_image_2.svg', 'pVFpIQs9JKcL', 2, 2, b'1', '2021-04-09'),
('ejocelyn1t', 'ejocelyn1t@tuttocitta.it', 'Ellissa', 'Jocelyn', '2021-03-16', '75993 Pankratz Park', 'Gaula', 'profile_image_2.svg', 'c2hVC4M', 2, 2, b'1', '2021-03-08'),
('ejolyfl', 'ejolyfl@nbcnews.com', 'Emmy', 'Joly', '2021-02-20', '05 Sommers Drive', 'Pilot Butte', 'profile_image_2.svg', 'I8Ve8Nw', 2, 2, b'1', '2020-11-12'),
('ejorczykpp', 'ejorczykpp@state.tx.us', 'Eilis', 'Jorczyk', '2021-06-16', '57616 Eggendart Center', 'Nanjing', 'profile_image_2.svg', '7MiWjgOvWF', 2, 2, b'1', '2020-12-28'),
('eleonardi7', 'eleonardi7@cyberchimps.com', 'Elka', 'Leonardi', '2021-02-21', '38843 Mallard Place', 'Kodamachō-kodamamina', 'profile_image_2.svg', 'AKU6vfkX', 2, 2, b'1', '2021-10-09'),
('elisterrk', 'elisterrk@yahoo.co.jp', 'Edmon', 'Lister', '2020-11-06', '9640 Dryden Plaza', 'Trondheim', 'profile_image_2.svg', '9QiOa3', 2, 2, b'1', '2021-01-13'),
('eluisi1', 'eluisi1@bandcamp.com', 'Ewan', 'Luis', '2021-02-28', '9 Bonner Terrace', 'Xaçmaz', 'profile_image_2.svg', '6kt5RJepA', 2, 2, b'1', '2021-04-20'),
('emacieiczyk13', 'emacieiczyk13@angelfire.com', 'Eli', 'Macieiczyk', '2021-09-15', '3140 Everett Circle', 'Stegna', 'profile_image_2.svg', '7Jx4RaEM5a', 2, 2, b'1', '2020-11-06'),
('emahmood16', 'emahmood16@wisc.edu', 'Elisabetta', 'Mahmood', '2021-05-07', '100 Westend Plaza', 'Santa Rita do Passa ', 'profile_image_2.svg', 'EPKzaB', 2, 2, b'1', '2021-02-05'),
('emathison6g', 'emathison6g@usgs.gov', 'Enriqueta', 'Mathison', '2021-08-15', '807 Forster Avenue', 'Hastings', 'profile_image_2.svg', 'WUtw6sf5Ky0', 2, 1, b'1', '2021-07-05'),
('ematteiniej', 'ematteiniej@lulu.com', 'Eloise', 'Matteini', '2021-01-15', '312 Westport Circle', 'El Cortezo', 'profile_image_2.svg', 'zeqfF6KYoFk', 2, 2, b'1', '2021-01-13'),
('emingame6w', 'emingame6w@gnu.org', 'Ewan', 'Mingame', '2021-09-08', '1 East Alley', 'Bukbatang', 'profile_image_2.svg', 'Iny1AaA', 2, 2, b'1', '2020-11-13'),
('emonketonl9', 'emonketonl9@businesswire.com', 'Evelin', 'Monketon', '2020-11-16', '98 School Alley', 'Elliot', 'profile_image_2.svg', 'TOdin7fyojRn', 2, 2, b'1', '2020-11-10'),
('emulbry7z', 'emulbry7z@odnoklassniki.ru', 'Evita', 'Mulbry', '2021-03-12', '332 Chinook Junction', 'Badar', 'profile_image_2.svg', '4UMf7e6VfbqH', 2, 1, b'1', '2020-11-02'),
('eodonovan46', 'eodonovan46@amazon.com', 'Ermentrude', 'O\'Donovan', '2021-07-05', '86 Bay Pass', 'Veliki Grđevac', 'profile_image_2.svg', 'lDxn5m9ZI', 2, 1, b'1', '2021-10-01'),
('ependlentonb3', 'ependlentonb3@sitemeter.com', 'Emerson', 'Pendlenton', '2020-10-15', '259 Cascade Court', 'Maintirano', 'profile_image_2.svg', '0frMadoVTosy', 2, 2, b'1', '2021-09-18'),
('epengelley6a', 'epengelley6a@i2i.jp', 'Ennis', 'Pengelley', '2021-07-17', '6 Gulseth Alley', 'Mealhada', 'profile_image_2.svg', 'UcAyKchW3D', 2, 1, b'1', '2020-11-22'),
('eperview6m', 'eperview6m@latimes.com', 'Efren', 'Perview', '2020-12-15', '57281 Victoria Court', 'Ar Ru’ays', 'profile_image_2.svg', 'TztaZkRTh', 2, 1, b'1', '2020-11-17'),
('erossiterbt', 'erossiterbt@gravatar.com', 'Etti', 'Rossiter', '2021-05-30', '06 John Wall Point', 'Buenos Aires', 'profile_image_2.svg', 'wl3J3hjHiiZ', 2, 2, b'1', '2021-06-13'),
('erowetdv', 'erowetdv@addthis.com', 'Enrichetta', 'Rowet', '2021-01-17', '85693 Monument Street', 'Zhongxing', 'profile_image_2.svg', 'Skwu397x', 2, 2, b'1', '2021-02-25'),
('esharvill7t', 'esharvill7t@tiny.cc', 'Ernesta', 'Sharvill', '2021-02-18', '011 Buhler Junction', 'Cinagrog Girang', 'profile_image_2.svg', 'h1btrPw', 2, 2, b'1', '2021-10-05'),
('eshepcuttj', 'eshepcuttj@berkeley.edu', 'Emmie', 'Shepcutt', '2021-08-17', '4919 Oneill Junction', 'Guatraché', 'profile_image_2.svg', 'Bkl7Vv9x', 2, 2, b'1', '2021-03-10'),
('eshowtom', 'eshowtom@chron.com', 'Esma', 'Showt', '2021-10-04', '92172 Kropf Plaza', 'Mizhou', 'profile_image_2.svg', 'XRg3VeC9ppN', 2, 2, b'1', '2021-04-10'),
('esopp4i', 'esopp4i@cafepress.com', 'Erna', 'Sopp', '2021-08-08', '7 Merchant Way', 'Santana de Parnaíba', 'profile_image_2.svg', 'josvjCkD', 2, 2, b'1', '2020-10-26'),
('esouleynu', 'esouleynu@answers.com', 'Eachelle', 'Souley', '2021-01-04', '45 Drewry Avenue', 'Ñuñoa', 'profile_image_2.svg', 'e02ejC', 2, 2, b'1', '2020-11-17'),
('esustinsmw', 'esustinsmw@google.es', 'Emeline', 'Sustins', '2020-12-21', '48606 Harbort Junction', 'Rancanyenang', 'profile_image_2.svg', 'YGkULl83FPt', 2, 1, b'1', '2021-06-04'),
('etuttle2m', 'etuttle2m@umn.edu', 'Ellary', 'Tuttle', '2021-05-01', '492 Arrowood Parkway', 'Ongjin', 'profile_image_2.svg', 'XJdaobt', 2, 2, b'1', '2021-10-02'),
('evarrowq2', 'evarrowq2@globo.com', 'Engracia', 'Varrow', '2020-10-28', '52673 Emmet Point', 'Zhouwang', 'profile_image_2.svg', 'KuPMwpiA', 2, 2, b'1', '2021-06-18'),
('evarvellhv', 'evarvellhv@soundcloud.com', 'Emiline', 'Varvell', '2021-03-18', '49 Mockingbird Avenue', 'Del Rosario', 'profile_image_2.svg', 'L92FdVMPmNZ', 2, 1, b'1', '2021-04-11'),
('ewalkleyo8', 'ewalkleyo8@arizona.edu', 'Eveline', 'Walkley', '2021-03-11', '8773 Columbus Park', 'Huangliu', 'profile_image_2.svg', 'sxmJBA6BP8D', 2, 2, b'1', '2021-04-12'),
('faddenbrookecy', 'faddenbrookecy@theglobeandmail.com', 'Farleigh', 'Addenbrooke', '2021-03-31', '07 Ridgeview Alley', 'Payxambabazar', 'profile_image_2.svg', 'I1F10LG', 2, 2, b'1', '2020-12-30'),
('fallibone8y', 'fallibone8y@gmpg.org', 'Feliza', 'Allibone', '2021-04-21', '49 Riverside Road', 'Sobral', 'profile_image_2.svg', '9OAvofKZAyV', 2, 1, b'1', '2021-08-11'),
('fandreevs', 'fandreevs@tinypic.com', 'Freida', 'Andreev', '2021-04-28', '34 Gina Lane', 'Kalpáki', 'profile_image_2.svg', 'qy3TXCW', 2, 1, b'1', '2021-10-06'),
('fbircherce', 'fbircherce@virginia.edu', 'Franciskus', 'Bircher', '2020-10-18', '4 Packers Alley', 'Nancun', 'profile_image_2.svg', '3pPt9G', 2, 1, b'1', '2020-11-25'),
('fblei5e', 'fblei5e@nih.gov', 'Francisca', 'Blei', '2020-12-08', '824 Hanson Avenue', 'Al Khafjī', 'profile_image_2.svg', 'jdKTfROFBz', 2, 1, b'1', '2021-01-27'),
('fbrandhardyg3', 'fbrandhardyg3@si.edu', 'Filippo', 'Brand-Hardy', '2020-12-29', '7959 American Ash Terrace', 'Ankaran', 'profile_image_2.svg', 'A77RBUEas', 2, 1, b'1', '2021-07-20'),
('fbuntende', 'fbuntende@ucoz.com', 'Fawnia', 'Bunten', '2021-02-01', '5 Goodland Parkway', 'Sakchu-ŭp', 'profile_image_2.svg', '374u40DoaO', 2, 2, b'1', '2021-03-18'),
('fcastendaj5', 'fcastendaj5@toplist.cz', 'Ferguson', 'Castenda', '2020-11-08', '08905 Mosinee Parkway', 'Shōbu', 'profile_image_2.svg', '6qjvN5h', 2, 2, b'1', '2021-08-18'),
('fchampkinf7', 'fchampkinf7@statcounter.com', 'Farlie', 'Champkin', '2021-07-13', '6 Susan Road', 'Junzhuang', 'profile_image_2.svg', 'fJL6vpwUixZ', 2, 2, b'1', '2020-10-28'),
('fchudleigh8p', 'fchudleigh8p@dailymotion.com', 'Fredericka', 'Chudleigh', '2021-10-12', '03 Montana Way', 'Roun Satu', 'profile_image_2.svg', 'tR8TYNTyy0yw', 2, 1, b'1', '2021-05-09'),
('fcomellinidd', 'fcomellinidd@admin.ch', 'Freddie', 'Comellini', '2021-07-08', '36877 Hoard Drive', 'Sterlibashevo', 'profile_image_2.svg', '4bWbiPyuOM', 2, 2, b'1', '2021-07-19'),
('fcunradolr', 'fcunradolr@foxnews.com', 'Frannie', 'Cunrado', '2020-10-21', '560 Haas Drive', 'Hachinohe', 'profile_image_2.svg', '5PDdJ4ed', 2, 2, b'1', '2021-01-17'),
('fdelapqc', 'fdelapqc@psu.edu', 'Fidelia', 'Delap', '2021-07-25', '116 Pennsylvania Court', 'Tilang', 'profile_image_2.svg', 'RYXrtE9oj9W3', 2, 2, b'1', '2021-08-18'),
('fdillow4z', 'fdillow4z@friendfeed.com', 'Fredrick', 'Dillow', '2021-09-22', '533 Bunker Hill Terrace', 'Toungo', 'profile_image_2.svg', 'VlCnucr4', 2, 2, b'1', '2021-01-06'),
('fdungeeg', 'fdungeeg@angelfire.com', 'Fidelio', 'Dungee', '2021-01-03', '78 Stuart Plaza', 'Mancogeh', 'profile_image_2.svg', 'PjsBSbN', 2, 1, b'1', '2021-07-17'),
('ffearneley2r', 'ffearneley2r@amazon.co.uk', 'Fanechka', 'Fearneley', '2021-08-11', '76510 Mayfield Parkway', 'Usuki', 'profile_image_2.svg', 'tn9Ry8', 2, 2, b'1', '2020-12-16'),
('ffriett9j', 'ffriett9j@yale.edu', 'Field', 'Friett', '2020-11-24', '23 Killdeer Alley', 'Pacaraos', 'profile_image_2.svg', 'uqG4gjG2qNY', 2, 2, b'1', '2020-12-08'),
('ffugegh', 'ffugegh@bigcartel.com', 'Francklyn', 'Fuge', '2021-02-20', '50 Hazelcrest Junction', 'Tumba', 'profile_image_2.svg', 'jTALAH', 2, 1, b'1', '2021-01-27'),
('fgrelkaaq', 'fgrelkaaq@example.com', 'Ford', 'Grelka', '2021-06-11', '68 Hoffman Terrace', 'Olavarría', 'profile_image_2.svg', 'wfJsA0AGbwX', 2, 1, b'1', '2021-08-27'),
('fhoustonoh', 'fhoustonoh@rambler.ru', 'Filide', 'Houston', '2021-09-11', '605 Hallows Parkway', 'Bol’shoy Kamen’', 'profile_image_2.svg', '218jmk', 2, 2, b'1', '2021-06-08'),
('fjancik7l', 'fjancik7l@usgs.gov', 'Flinn', 'Jancik', '2021-01-31', '34675 Kingsford Way', 'Boxholm', 'profile_image_2.svg', 'Od20ASo', 2, 2, b'1', '2021-08-13'),
('fjerokhl', 'fjerokhl@nyu.edu', 'Felizio', 'Jerok', '2021-03-24', '93463 Grasskamp Court', 'Enonkoski', 'profile_image_2.svg', 'Jg4rXqVdYY', 2, 1, b'1', '2020-11-19'),
('fjerransoy', 'fjerransoy@sbwire.com', 'Fernandina', 'Jerrans', '2021-02-16', '38798 Bowman Trail', 'Las Piñas', 'profile_image_2.svg', 'tFsK8Xgy', 2, 2, b'1', '2021-01-15'),
('fjohniganed', 'fjohniganed@ihg.com', 'Francyne', 'Johnigan', '2021-05-01', '7 Logan Street', 'Yulao', 'profile_image_2.svg', 'f5fWZB86zMHE', 2, 1, b'1', '2020-12-25'),
('fkamienski1x', 'fkamienski1x@independent.co.uk', 'Flor', 'Kamienski', '2021-08-06', '3 Jenna Trail', 'Herceg-Novi', 'profile_image_2.svg', '3l4JLFJw37J', 2, 1, b'1', '2021-02-25'),
('fkenworthey7j', 'fkenworthey7j@hao123.com', 'Fraser', 'Kenworthey', '2021-02-16', '8 North Plaza', 'Vaggeryd', 'profile_image_2.svg', 'iutM8x4JTumB', 2, 2, b'1', '2021-05-11'),
('fklainmanhi', 'fklainmanhi@mashable.com', 'Frankie', 'Klainman', '2020-10-16', '3101 Express Parkway', 'Novosel’ye', 'profile_image_2.svg', 'mUgo8b', 2, 2, b'1', '2021-01-24'),
('fkleinsingerob', 'fkleinsingerob@yahoo.com', 'Fredra', 'Kleinsinger', '2021-07-17', '6360 Bonner Lane', 'Lisui', 'profile_image_2.svg', 'lNm4JL', 2, 2, b'1', '2021-01-02'),
('flambardns', 'flambardns@netvibes.com', 'Fonsie', 'Lambard', '2021-03-22', '85871 Derek Court', 'Frutillar', 'profile_image_2.svg', '2wSr1Zu', 2, 2, b'1', '2021-04-12'),
('fmessierof', 'fmessierof@cornell.edu', 'Frazier', 'Messier', '2021-04-27', '9 Morningstar Junction', 'Kaindy', 'profile_image_2.svg', 'Xo8b2UC7oua', 2, 1, b'1', '2021-02-08'),
('fminmagh77', 'fminmagh77@upenn.edu', 'Federica', 'Minmagh', '2021-05-14', '58 Lunder Crossing', 'Pengbu', 'profile_image_2.svg', 'pG8UYHIg', 2, 2, b'1', '2020-10-13'),
('fmorbey29', 'fmorbey29@tripadvisor.com', 'Fernando', 'Morbey', '2021-07-26', '3 Toban Terrace', 'Bella Vista', 'profile_image_2.svg', 'DoaEvME2ZG2a', 2, 1, b'1', '2020-11-20'),
('fmorebylg', 'fmorebylg@sfgate.com', 'Fara', 'Moreby', '2020-11-16', '47960 Clyde Gallagher Crossing', 'Fëdorovskoye', 'profile_image_2.svg', 'te2VLy', 2, 1, b'1', '2021-04-22'),
('folivex', 'folivex@ted.com', 'Fiorenze', 'Olive', '2021-09-27', '3793 Hallows Point', 'Pirané', 'profile_image_2.svg', 'lWSUswN4NN', 2, 1, b'1', '2021-07-23'),
('fpeedelll2', 'fpeedelll2@disqus.com', 'Frannie', 'Peedell', '2020-10-23', '71 Forest Dale Street', 'Kato Pyrgos', 'profile_image_2.svg', '4UkOYs9Fag', 2, 1, b'1', '2021-07-03'),
('fran_cap15', 'franptc3@gmail.com', 'Balter', 'Velázquez', '2020-10-14', 'Salto 3165', 'Young', 'profile_picture_2.svg', '$2a$10$ut/woTKltkfLLUiEvcL.o.gxEb/d17agvec3Q6vADrmx68BcCPY5m', 2, 1, b'0', '2021-10-19'),
('fspurierqv', 'fspurierqv@cyberchimps.com', 'Freida', 'Spurier', '2021-09-25', '34 Jay Junction', 'Haputale', 'profile_image_2.svg', 'Pu6fGu2sd', 2, 2, b'1', '2020-10-28'),
('ftellenbachf4', 'ftellenbachf4@ebay.co.uk', 'Fredra', 'Tellenbach', '2021-03-01', '1442 Norway Maple Way', 'Qiaolin', 'profile_image_2.svg', '5U7z41sf0U', 2, 1, b'1', '2020-12-03'),
('fthirsth7', 'fthirsth7@tiny.cc', 'Fitzgerald', 'Thirst', '2021-03-16', '27491 Ludington Court', 'Gebre Guracha', 'profile_image_2.svg', 'Iq19Pj4A', 2, 1, b'1', '2020-11-11'),
('fwermerlinglq', 'fwermerlinglq@ezinearticles.com', 'Frank', 'Wermerling', '2021-08-20', '5 Summit Terrace', 'Usatove', 'profile_image_2.svg', '3mDXUBBOOz4', 2, 2, b'1', '2021-06-07'),
('gbaumlerr3', 'gbaumlerr3@mysql.com', 'Garek', 'Baumler', '2021-02-21', '29 Valley Edge Lane', 'Johor Bahru', 'profile_image_2.svg', 'E3Y0kva7H', 2, 2, b'1', '2021-01-19'),
('gbillaniefo', 'gbillaniefo@ftc.gov', 'Greer', 'Billanie', '2020-12-18', '401 Dixon Center', 'Ōdate', 'profile_image_2.svg', '6HjCVgU', 2, 1, b'1', '2021-08-28'),
('gbluemanqu', 'gbluemanqu@arizona.edu', 'Geneva', 'Blueman', '2021-03-07', '76897 Buena Vista Center', 'Gnojnica', 'profile_image_2.svg', 'ER5spA5Ar', 2, 1, b'1', '2021-01-15'),
('gbueykw', 'gbueykw@freewebs.com', 'Gabbi', 'Buey', '2021-06-08', '5831 Elgar Road', 'Tambopata', 'profile_image_2.svg', '1f8jLD6J7mSz', 2, 2, b'1', '2021-04-24'),
('gbugbee38', 'gbugbee38@reverbnation.com', 'Gertrud', 'Bugbee', '2021-06-13', '352 Muir Place', 'Fengcheng', 'profile_image_2.svg', '2F1mc2IlF', 2, 2, b'1', '2021-07-28'),
('gchoupinoz', 'gchoupinoz@trellian.com', 'Goldi', 'Choupin', '2020-12-19', '50 Almo Plaza', 'Guarumal', 'profile_image_2.svg', 'BXkxlxu', 2, 2, b'1', '2021-08-20'),
('gcollcott4b', 'gcollcott4b@desdev.cn', 'Gordon', 'Collcott', '2021-06-06', '5038 Sommers Street', 'Polo', 'profile_image_2.svg', 'Ezh2qSFd', 2, 1, b'1', '2021-07-23'),
('gconantni', 'gconantni@google.ca', 'Genni', 'Conant', '2021-02-13', '99 Vidon Street', 'Pisang', 'profile_image_2.svg', '2NM8Bb3tQYO', 2, 2, b'1', '2021-08-13'),
('gcraciekq', 'gcraciekq@tamu.edu', 'Georas', 'Cracie', '2021-04-25', '30 International Road', 'Malangwa', 'profile_image_2.svg', '5BgWgHJ', 2, 1, b'1', '2021-06-28'),
('gdowrey7d', 'gdowrey7d@quantcast.com', 'Giselbert', 'Dowrey', '2020-12-22', '485 Emmet Lane', 'Saint-Julien-en-Gene', 'profile_image_2.svg', 'ykntlzrxQV', 2, 1, b'1', '2021-02-07'),
('gducroel4', 'gducroel4@list-manage.com', 'Gunther', 'Ducroe', '2020-11-18', '68 Bartelt Junction', 'Sibayo', 'profile_image_2.svg', '8CmCgv6fp', 2, 1, b'1', '2021-04-25'),
('gfaires5a', 'gfaires5a@github.com', 'Gaven', 'Faires', '2021-01-29', '544 Almo Pass', 'Banqiao', 'profile_image_2.svg', 'hDcxb8y', 2, 1, b'1', '2020-11-16'),
('gfiveashpz', 'gfiveashpz@scientificamerican.com', 'Genni', 'Fiveash', '2021-05-10', '088 Waubesa Place', 'Clarines', 'profile_image_2.svg', 'cNwxgcsHhyT', 2, 2, b'1', '2021-03-31'),
('ggeldeford4g', 'ggeldeford4g@fotki.com', 'Gilberta', 'Geldeford', '2021-07-22', '346 Roxbury Court', 'Hamada', 'profile_image_2.svg', 'MlKafx', 2, 1, b'1', '2021-07-05'),
('ggillivriebx', 'ggillivriebx@jugem.jp', 'Giles', 'Gillivrie', '2020-11-25', '72528 Corry Alley', 'Karbunara e Vogël', 'profile_image_2.svg', 'MTAAqCp2bRmv', 2, 2, b'1', '2021-01-17'),
('ggoncalom7', 'ggoncalom7@skype.com', 'Gerhardine', 'Goncalo', '2021-05-03', '74 Melrose Pass', 'Hirosaki', 'profile_image_2.svg', 'J8g8Rc6Z', 2, 1, b'1', '2021-01-18'),
('gguivernt', 'gguivernt@infoseek.co.jp', 'Gillian', 'Guiver', '2021-03-21', '95 Eastwood Crossing', 'Kuantan', 'profile_image_2.svg', 'VAUWvvV15W', 2, 2, b'1', '2020-12-20'),
('ghafnerk1', 'ghafnerk1@stumbleupon.com', 'Gipsy', 'Hafner', '2020-11-23', '0 Wayridge Parkway', 'Ialoveni', 'profile_image_2.svg', 'l05hjmMda3D', 2, 1, b'1', '2021-05-14'),
('ghaggasnx', 'ghaggasnx@webmd.com', 'Gretchen', 'Haggas', '2021-08-03', '005 Arizona Street', 'Cienfuegos', 'profile_image_2.svg', 'FHQudCm', 2, 1, b'1', '2020-11-17'),
('ghorsewoodcs', 'ghorsewoodcs@timesonline.co.uk', 'Giralda', 'Horsewood', '2021-07-06', '173 Fairfield Street', 'Lumby', 'profile_image_2.svg', '5EHquGS', 2, 2, b'1', '2021-05-16'),
('gjovis5q', 'gjovis5q@ted.com', 'Gerty', 'Jovis', '2020-11-04', '45 South Center', 'Miastków Kościelny', 'profile_image_2.svg', '8IQpuhN', 2, 2, b'1', '2021-05-22'),
('glongshaw6v', 'glongshaw6v@bbb.org', 'Glynda', 'Longshaw', '2021-07-06', '248 Sachtjen Way', 'Akoupé', 'profile_image_2.svg', 'nqR75K', 2, 2, b'1', '2021-01-20'),
('glopez3j', 'glopez3j@wix.com', 'Godfry', 'Lopez', '2021-03-22', '90370 High Crossing Road', 'Xiaoweizhai', 'profile_image_2.svg', 'KvAqlJaStAy', 2, 2, b'1', '2020-11-27'),
('gmcilraith5u', 'gmcilraith5u@intel.com', 'Georgianna', 'McIlraith', '2021-08-22', '354 Shopko Terrace', 'Fort Lauderdale', 'profile_image_2.svg', 'Jz175L', 2, 1, b'1', '2021-03-11'),
('gmegahey63', 'gmegahey63@unc.edu', 'Gisele', 'Megahey', '2021-09-10', '460 Clyde Gallagher Hill', 'Kuaidamao', 'profile_image_2.svg', 'ZSDjv9dZ71', 2, 2, b'1', '2021-07-09'),
('gmenhcig9', 'gmenhcig9@shutterfly.com', 'Garey', 'Menhci', '2020-11-01', '15 Steensland Hill', 'Tambura', 'profile_image_2.svg', 'rtDKtf', 2, 1, b'1', '2021-03-11'),
('gmichellqt', 'gmichellqt@alexa.com', 'Garik', 'Michell', '2021-01-07', '20760 Moland Point', 'Ấp Tân Ngãi', 'profile_image_2.svg', 'bh80jfftVP', 2, 2, b'1', '2021-02-09'),
('gmineghelliri', 'gmineghelliri@dot.gov', 'Gilly', 'Mineghelli', '2020-11-24', '978 Glendale Center', 'Paris 16', 'profile_image_2.svg', 'oYPr6Yrr', 2, 2, b'1', '2020-10-14'),
('gmongerqk', 'gmongerqk@china.com.cn', 'Genia', 'Monger', '2020-11-25', '0784 Bashford Parkway', 'Älvsbyn', 'profile_image_2.svg', 'ybnDPanW', 2, 2, b'1', '2020-10-23'),
('gornizpm', 'gornizpm@t-online.de', 'Gwenora', 'Orniz', '2021-01-19', '3 Bowman Crossing', 'Taldykorgan', 'profile_image_2.svg', 'kd6PYjtWY88', 2, 1, b'1', '2020-12-17'),
('gpearnk9', 'gpearnk9@un.org', 'Giulio', 'Pearn', '2020-10-20', '3288 Gateway Terrace', 'Fuxin', 'profile_image_2.svg', 'SHiYH8N2', 2, 1, b'1', '2021-09-12'),
('grawsen6z', 'grawsen6z@deviantart.com', 'Gerick', 'Rawsen', '2021-05-19', '3157 Elka Crossing', 'Tromsø', 'profile_image_2.svg', 'yWnqW77Wri', 2, 1, b'1', '2020-12-04'),
('groffeod', 'groffeod@ebay.co.uk', 'Gordon', 'Roffe', '2021-08-18', '8 Thackeray Street', 'Américo Brasiliense', 'profile_image_2.svg', 'ZgsuBw', 2, 2, b'1', '2020-11-15'),
('groxbroughe4', 'groxbroughe4@acquirethisname.com', 'Guglielmo', 'Roxbrough', '2021-01-03', '3 Fisk Park', 'Raciąż', 'profile_image_2.svg', 'ixc1ialn77u', 2, 1, b'1', '2021-01-15'),
('gschulkins7u', 'gschulkins7u@java.com', 'Giovanni', 'Schulkins', '2021-06-12', '7690 Talmadge Road', 'São Francisco do Sul', 'profile_image_2.svg', 'r0rAPuZuO', 2, 2, b'1', '2021-05-17'),
('gstarrsin', 'gstarrsin@xing.com', 'Glenden', 'Starrs', '2021-02-09', '008 Oneill Lane', 'Ngrambitan', 'profile_image_2.svg', 'bvlX2UnEh6j', 2, 1, b'1', '2020-10-25'),
('gtamburimi', 'gtamburimi@si.edu', 'Gage', 'Tamburi', '2020-11-01', '9 Nevada Circle', 'Pallasca', 'profile_image_2.svg', 'SdUbC2vTfkni', 2, 2, b'1', '2020-12-10'),
('gthornhillay', 'gthornhillay@washingtonpost.com', 'Gloriana', 'Thornhill', '2021-02-23', '57 5th Plaza', 'Cololaca', 'profile_image_2.svg', 'BxuxGw0', 2, 2, b'1', '2021-10-10'),
('gtippellr', 'gtippellr@privacy.gov.au', 'Gerardo', 'Tippell', '2021-03-09', '134 Di Loreto Street', 'Inicbulan', 'profile_image_2.svg', '5s2VHRp', 2, 2, b'1', '2020-11-11'),
('gtoopinr1', 'gtoopinr1@imdb.com', 'Galvan', 'Toopin', '2020-11-22', '73 Bartillon Crossing', 'Tianzishan', 'profile_image_2.svg', 'qQgoF9H49', 2, 1, b'1', '2020-12-07'),
('gwhillock9r', 'gwhillock9r@zdnet.com', 'Glendon', 'Whillock', '2021-03-04', '2 Haas Place', 'Zangzhai', 'profile_image_2.svg', 'bYZwfuNUvh', 2, 1, b'1', '2021-02-08'),
('gwyndhamw', 'gwyndhamw@wordpress.org', 'Guinevere', 'Wyndham', '2021-06-01', '577 Packers Plaza', 'Pingfeng', 'profile_image_2.svg', 'MP2y0jhbdc5', 2, 1, b'1', '2021-03-13'),
('habdieax', 'habdieax@google.com.hk', 'Hew', 'Abdie', '2021-09-01', '99 Kings Park', 'Isnā', 'profile_image_2.svg', 'qUfIpGAY', 2, 2, b'1', '2021-04-12'),
('hayerst92', 'hayerst92@lycos.com', 'Hetty', 'Ayerst', '2020-10-18', '0 Ridgeview Drive', 'Mongu', 'profile_image_2.svg', '1CxdwjkNxGN', 2, 1, b'1', '2021-01-28'),
('hbirtleymy', 'hbirtleymy@house.gov', 'Haskel', 'Birtley', '2021-06-22', '007 Maple Wood Street', 'Tumu’ertai', 'profile_image_2.svg', 'y3oogjcctmU', 2, 2, b'1', '2021-01-11'),
('hbrooker9', 'hbrooker9@si.edu', 'Honor', 'Brooke', '2021-01-02', '61042 Helena Lane', 'Ban Na', 'profile_image_2.svg', 'VeEKnUK', 2, 2, b'1', '2021-07-07'),
('hchaffeyra', 'hchaffeyra@google.ca', 'Hilton', 'Chaffey', '2021-03-03', '398 School Trail', 'Sydney', 'profile_image_2.svg', 'ZfIdLWd1x', 2, 2, b'1', '2021-07-28'),
('hcoochjk', 'hcoochjk@tinypic.com', 'Hyacinthia', 'Cooch', '2021-04-06', '7 Dunning Trail', 'Montpellier', 'profile_image_2.svg', '9cXC2rx9', 2, 1, b'1', '2021-07-14'),
('hcorderofg', 'hcorderofg@naver.com', 'Haroun', 'Cordero', '2021-01-10', '4 Karstens Place', 'Aracataca', 'profile_image_2.svg', 'ttUOR8KnY', 2, 1, b'1', '2020-12-02'),
('hcritchley2v', 'hcritchley2v@gizmodo.com', 'Hinze', 'Critchley', '2021-05-11', '797 Burrows Crossing', 'Kawengan', 'profile_image_2.svg', 'wiBZe2', 2, 2, b'1', '2021-08-03'),
('hduffetij', 'hduffetij@vimeo.com', 'Happy', 'Duffet', '2021-10-12', '0796 Fordem Drive', 'Fuvahmulah', 'profile_image_2.svg', 'Iq7O9h', 2, 1, b'1', '2020-12-20'),
('hdullaghanoj', 'hdullaghanoj@dagondesign.com', 'Helenelizabeth', 'Dullaghan', '2021-03-10', '6 Northridge Avenue', 'Shizuishan', 'profile_image_2.svg', 'E9ALm1gPT', 2, 1, b'1', '2021-08-08'),
('hfinlanp6', 'hfinlanp6@latimes.com', 'Hadria', 'Finlan', '2020-11-10', '4834 Norway Maple Point', 'Ta’erqi', 'profile_image_2.svg', 'fe9W0yK', 2, 1, b'1', '2021-01-12'),
('hfrancei3', 'hfrancei3@illinois.edu', 'Hanni', 'France', '2021-01-16', '9 Sunfield Trail', 'Mełgiew', 'profile_image_2.svg', '1HUy300', 2, 1, b'1', '2021-06-17'),
('hheffernanam', 'hheffernanam@histats.com', 'Heriberto', 'Heffernan', '2021-01-18', '4 Montana Court', 'Guanba', 'profile_image_2.svg', 'eUPXDmFe9rM', 2, 2, b'1', '2020-10-20'),
('hidalehs', 'hidalehs@reverbnation.com', 'Hansiain', 'Idale', '2021-01-30', '36004 Di Loreto Park', 'Żarów', 'profile_image_2.svg', 'NkzCGq', 2, 2, b'1', '2021-08-26'),
('hingle1l', 'hingle1l@senate.gov', 'Hedda', 'Ingle', '2021-03-24', '60 Waywood Pass', 'Kotabesi', 'profile_image_2.svg', 'G7AgDUNH', 2, 2, b'1', '2021-01-12'),
('hjiggen50', 'hjiggen50@cbc.ca', 'Harlene', 'Jiggen', '2021-08-08', '7928 Bluejay Road', 'Sarreguemines', 'profile_image_2.svg', 'bBkntzf6', 2, 2, b'1', '2021-04-11'),
('hloadesgx', 'hloadesgx@sourceforge.net', 'Haley', 'Loades', '2021-10-03', '7031 Jackson Avenue', 'Valença', 'profile_image_2.svg', 'DaLU1wubQYWI', 2, 2, b'1', '2021-01-30'),
('hlyallk6', 'hlyallk6@g.co', 'Hewett', 'Lyall', '2021-02-13', '37085 Hoard Street', 'Rifeng', 'profile_image_2.svg', 'vz2T84', 2, 2, b'1', '2020-11-12'),
('hmccrackangk', 'hmccrackangk@delicious.com', 'Humbert', 'McCrackan', '2020-12-30', '29 Monterey Trail', 'Deqing', 'profile_image_2.svg', '74yvNvaRBT0', 2, 2, b'1', '2021-08-14'),
('hmoff8w', 'hmoff8w@hubpages.com', 'Hastie', 'Moff', '2020-12-17', '409 Delaware Avenue', 'Gongli', 'profile_image_2.svg', '7kcmYZAkayc', 2, 2, b'1', '2021-10-02'),
('hpether5j', 'hpether5j@virginia.edu', 'Hermine', 'Pether', '2020-11-19', '069 Vahlen Drive', 'Prelog', 'profile_image_2.svg', '5VJH7d3', 2, 2, b'1', '2021-05-04'),
('hpinhorn2o', 'hpinhorn2o@youtu.be', 'Hermine', 'Pinhorn', '2020-12-24', '04 Lighthouse Bay Center', 'Unden', 'profile_image_2.svg', 'sM63Jp4RO', 2, 2, b'1', '2021-09-14'),
('hstruthers8j', 'hstruthers8j@networkadvertising.org', 'Harriett', 'Struthers', '2021-10-11', '33417 Monterey Place', 'Brody', 'profile_image_2.svg', 'DId2Uz5k5', 2, 2, b'1', '2021-01-17'),
('hstubbs5v', 'hstubbs5v@live.com', 'Hilary', 'Stubbs', '2021-05-17', '9992 American Lane', 'Laojunpo', 'profile_image_2.svg', 'J0n54T9', 2, 1, b'1', '2021-09-02'),
('hthome0', 'hthome0@usgs.gov', 'Hardy', 'Thome', '2021-07-20', '03 Namekagon Way', 'Rājbirāj', 'profile_image_2.svg', 'Bdg3ju', 2, 1, b'1', '2021-07-04'),
('htomczynski56', 'htomczynski56@naver.com', 'Harlin', 'Tomczynski', '2021-08-29', '048 Pierstorff Lane', 'Solikamsk', 'profile_image_2.svg', 'bzfeOQ', 2, 1, b'1', '2020-11-29'),
('hvialm0', 'hvialm0@xinhuanet.com', 'Haydon', 'Vial', '2021-09-07', '58172 Moulton Circle', 'Sampungu', 'profile_image_2.svg', 'CZqqCea', 2, 1, b'1', '2021-08-28'),
('hwaitingif', 'hwaitingif@narod.ru', 'Herta', 'Waiting', '2021-06-16', '1510 Maywood Pass', 'Long Thành', 'profile_image_2.svg', 'cYNVQwE', 2, 2, b'1', '2021-01-14'),
('hwaudpa', 'hwaudpa@dailymail.co.uk', 'Hestia', 'Waud', '2021-03-05', '3390 Talmadge Junction', 'Cipicung', 'profile_image_2.svg', 'OX7yO2JKc5', 2, 1, b'1', '2021-08-05'),
('hwillbournega', 'hwillbournega@theatlantic.com', 'Hertha', 'Willbourne', '2021-04-18', '7071 Kim Center', 'Xiejiatan', 'profile_image_2.svg', '71Q4oU9Wp6OC', 2, 1, b'1', '2021-09-02'),
('iandrewartha9h', 'iandrewartha9h@geocities.com', 'Iain', 'Andrewartha', '2021-01-01', '8 Blackbird Drive', 'Fenchen', 'profile_image_2.svg', '1KsKGfBkC', 2, 2, b'1', '2021-06-20'),
('ibaird9z', 'ibaird9z@prnewswire.com', 'Inez', 'Baird', '2021-09-08', '1029 Pearson Hill', 'Mmathubudukwane', 'profile_image_2.svg', 'sYmR59RVBvt8', 2, 1, b'1', '2021-03-03'),
('ibrome8v', 'ibrome8v@discuz.net', 'Ina', 'Brome', '2021-01-09', '6904 Heffernan Plaza', 'Mount Ayliff', 'profile_image_2.svg', 'DAnYKulBB', 2, 2, b'1', '2021-01-02'),
('ibrozqq', 'ibrozqq@scientificamerican.com', 'Isabelita', 'Broz', '2021-02-04', '3 Nova Parkway', 'Arras', 'profile_image_2.svg', '8g24Kl2v', 2, 1, b'1', '2021-08-15'),
('icaldeyrouxau', 'icaldeyrouxau@adobe.com', 'Ive', 'Caldeyroux', '2021-10-11', '4 Crest Line Road', 'Quyangqiao', 'profile_image_2.svg', 'ntX6HvxtHVJc', 2, 2, b'1', '2021-05-17'),
('icourtese11', 'icourtese11@forbes.com', 'Ingunna', 'Courtese', '2021-07-22', '2066 School Place', 'Changbai', 'profile_image_2.svg', 'tWx1OcDaT', 2, 1, b'1', '2021-05-05'),
('idelortnb', 'idelortnb@bbc.co.uk', 'Iolanthe', 'Delort', '2021-01-25', '3717 Crest Line Alley', 'Haligue', 'profile_image_2.svg', 'UrsK6iFUKqH', 2, 2, b'1', '2020-10-20'),
('idowneyj0', 'idowneyj0@epa.gov', 'Idalia', 'Downey', '2021-08-02', '98732 Toban Parkway', 'Bukor', 'profile_image_2.svg', 'A0klfCdReRc', 2, 1, b'1', '2021-04-15'),
('igirschk5', 'igirschk5@upenn.edu', 'Isabeau', 'Girsch', '2021-06-23', '5531 Grim Park', 'Barras', 'profile_image_2.svg', '9WQACk0L', 2, 2, b'1', '2021-08-10'),
('igregore3u', 'igregore3u@goo.gl', 'Isa', 'Gregore', '2020-12-15', '7 Buhler Place', 'Huyuan', 'profile_image_2.svg', 'vru0FqTe1ZV', 2, 1, b'1', '2021-01-24'),
('igristq8', 'igristq8@opera.com', 'Ignaz', 'Grist', '2021-02-23', '0 Amoth Pass', 'Yessentukskaya', 'profile_image_2.svg', 'OuFM5J', 2, 2, b'1', '2021-02-08'),
('ihumbie3x', 'ihumbie3x@bandcamp.com', 'Idaline', 'Humbie', '2021-10-06', '75197 Burrows Alley', 'Bugcaon', 'profile_image_2.svg', 'Yl6XASOcLca', 2, 1, b'1', '2020-11-26'),
('iimms14', 'iimms14@time.com', 'Irwinn', 'Imms', '2021-08-19', '824 Drewry Point', 'Palguyod', 'profile_image_2.svg', 'nJC8QX', 2, 2, b'1', '2021-03-20'),
('ijagielarr', 'ijagielarr@phpbb.com', 'Ilka', 'Jagiela', '2020-12-07', '9850 Everett Way', 'Junchuan', 'profile_image_2.svg', 'UregS9heJt', 2, 1, b'1', '2021-01-28'),
('ispadotto4s', 'ispadotto4s@youku.com', 'Igor', 'Spadotto', '2021-09-04', '893 Columbus Circle', 'Rezh', 'profile_image_2.svg', '1DIpQl', 2, 2, b'1', '2020-12-05'),
('itheisfs', 'itheisfs@friendfeed.com', 'Ignacius', 'Theis', '2021-07-03', '2151 Towne Drive', 'Kut Chum', 'profile_image_2.svg', 'LFsk4qtA9pdc', 2, 2, b'1', '2020-11-10'),
('jabsolemge', 'jabsolemge@alexa.com', 'Jourdan', 'Absolem', '2021-05-02', '8 Buena Vista Drive', 'Ponggok', 'profile_image_2.svg', 'byeAiL', 2, 1, b'1', '2020-10-13'),
('jajam93', 'jajam93@yelp.com', 'Jennica', 'Ajam', '2021-02-18', '5727 Lyons Junction', 'Bengras', 'profile_image_2.svg', 'aoL4zn7aIc', 2, 2, b'1', '2020-11-22'),
('jaskerfz', 'jaskerfz@imageshack.us', 'Johannes', 'Asker', '2021-02-20', '80296 Boyd Plaza', 'Na Chueak', 'profile_image_2.svg', 'aOD00l', 2, 2, b'1', '2021-01-18'),
('jbakhrushinm5', 'jbakhrushinm5@tamu.edu', 'Jillie', 'Bakhrushin', '2020-11-24', '1250 Mosinee Junction', 'Tiko', 'profile_image_2.svg', 'TzMY3rZ', 2, 1, b'1', '2021-03-24'),
('jbasek22', 'jbasek22@scribd.com', 'Jeane', 'Basek', '2020-11-27', '1521 Rigney Way', 'Solna', 'profile_image_2.svg', '4VXhNaBH8kn', 2, 1, b'1', '2021-05-19'),
('jbeesleyhj', 'jbeesleyhj@smh.com.au', 'Janaye', 'Beesley', '2021-05-11', '6 Westridge Center', 'Pinayagan Norte', 'profile_image_2.svg', 'oYWS5UWA', 2, 1, b'1', '2021-06-25'),
('jbertholinbp', 'jbertholinbp@odnoklassniki.ru', 'Jennine', 'Bertholin', '2020-11-01', '24 Oneill Drive', 'Dolisie', 'profile_image_2.svg', 'qGXk0mw7G', 2, 2, b'1', '2020-11-19'),
('jbrimmingo0', 'jbrimmingo0@ucsd.edu', 'Joaquin', 'Brimming', '2021-08-29', '6 6th Center', 'Eskilstuna', 'profile_image_2.svg', 'mYhd4i', 2, 2, b'1', '2020-12-01'),
('jbrydec5', 'jbrydec5@va.gov', 'Jessie', 'Bryde', '2021-02-24', '65 Ridge Oak Circle', 'Klukeng', 'profile_image_2.svg', 'B56NyxzZG', 2, 2, b'1', '2021-09-10'),
('jcawley4p', 'jcawley4p@i2i.jp', 'Jean', 'Cawley', '2020-12-07', '027 Red Cloud Junction', 'Bełchatów', 'profile_image_2.svg', 'nJ7hgv', 2, 1, b'1', '2021-01-22'),
('jculloteyf2', 'jculloteyf2@cpanel.net', 'Jaimie', 'Cullotey', '2021-04-16', '12054 Carioca Place', 'Tojeira', 'profile_image_2.svg', 'ePRxxBKA04', 2, 1, b'1', '2021-04-03'),
('jdaulbyo9', 'jdaulbyo9@google.de', 'Joseito', 'D\'Aulby', '2020-12-15', '768 Tomscot Alley', 'Pallasovka', 'profile_image_2.svg', 'rg5ev8pYs', 2, 2, b'1', '2021-03-05'),
('jdederich3a', 'jdederich3a@blogtalkradio.com', 'Jerry', 'Dederich', '2021-04-30', '5944 Park Meadow Pass', 'Falāvarjān', 'profile_image_2.svg', 'GeKrmEmUT', 2, 2, b'1', '2021-01-07'),
('jenderlem6', 'jenderlem6@seattletimes.com', 'Jerrold', 'Enderle', '2021-01-14', '046 High Crossing Pass', 'Gominhães', 'profile_image_2.svg', 'eJYOx3qic2', 2, 1, b'1', '2021-04-01'),
('jfrantzenihc', 'jfrantzenihc@flavors.me', 'Joeann', 'Frantzeni', '2021-08-30', '34 Rockefeller Point', 'Traiguén', 'profile_image_2.svg', 'oYE38cpz', 2, 2, b'1', '2020-11-30'),
('jhaffordql', 'jhaffordql@google.com', 'Jocelyne', 'Hafford', '2021-04-20', '74 Judy Road', 'Tampa', 'profile_image_2.svg', 'S6XkVj', 2, 1, b'1', '2021-09-03'),
('jharrisf', 'jharrisf@columbia.edu', 'Jacklin', 'Harris', '2021-09-12', '1555 Kingsford Terrace', 'Villa Altagracia', 'profile_image_2.svg', 'HcnVmmjtf', 2, 2, b'1', '2021-04-05'),
('jheddonfe', 'jheddonfe@dell.com', 'Jack', 'Heddon', '2021-01-23', '27 Onsgard Plaza', 'Sambuluan', 'profile_image_2.svg', 'I6r1vSX', 2, 2, b'1', '2021-03-25'),
('jhedgecock5l', 'jhedgecock5l@nih.gov', 'Jedidiah', 'Hedgecock', '2021-09-29', '2 Forest Center', 'Micheng', 'profile_image_2.svg', 'Ia7SI4t', 2, 2, b'1', '2021-06-01'),
('jhigfordih', 'jhigfordih@google.com', 'Jackqueline', 'Higford', '2021-05-29', '7395 Pierstorff Plaza', 'Kalilu', 'profile_image_2.svg', 'fsNLLL', 2, 2, b'1', '2020-11-06'),
('jjuggins1f', 'jjuggins1f@fastcompany.com', 'Jacquelyn', 'Juggins', '2021-05-11', '790 Southridge Lane', 'Mulan', 'profile_image_2.svg', 'NOmCPqtf8R', 2, 2, b'1', '2021-06-10'),
('jjurschao', 'jjurschao@npr.org', 'Justinian', 'Jursch', '2021-03-05', '33 Larry Point', 'Quixeramobim', 'profile_image_2.svg', 'Vot4amg', 2, 2, b'1', '2021-07-31'),
('jkinneirbg', 'jkinneirbg@shareasale.com', 'Jerry', 'Kinneir', '2021-04-14', '31 Pepper Wood Road', 'Libofshë', 'profile_image_2.svg', 'tjKiTBujwg7J', 2, 2, b'1', '2021-02-22'),
('jlatusp4', 'jlatusp4@ustream.tv', 'Jillane', 'Latus', '2021-02-20', '36 Kropf Trail', 'Nashville', 'profile_image_2.svg', '4kOWs9', 2, 2, b'1', '2021-05-24'),
('jliley5x', 'jliley5x@reference.com', 'Janeen', 'Liley', '2021-09-14', '7703 Express Park', 'Tarxien', 'profile_image_2.svg', 'ZvPSvkHYwMj', 2, 2, b'1', '2020-11-24'),
('jmaciver57', 'jmaciver57@vimeo.com', 'Joaquin', 'MacIver', '2021-05-08', '30788 Sloan Road', 'Grojec', 'profile_image_2.svg', 'YAAawm', 2, 2, b'1', '2021-01-10'),
('jmazziaan', 'jmazziaan@java.com', 'Julian', 'Mazzia', '2021-02-03', '6592 Kenwood Park', 'Curití', 'profile_image_2.svg', 'sPrJbagZEy3', 2, 2, b'1', '2020-11-13'),
('jmcgannj6', 'jmcgannj6@netscape.com', 'Jenni', 'McGann', '2021-02-16', '6324 Transport Lane', 'Wang Saphung', 'profile_image_2.svg', 'sVAzK1gMU', 2, 1, b'1', '2021-01-20'),
('jmcramseymg', 'jmcramseymg@friendfeed.com', 'Jo ann', 'McRamsey', '2021-04-25', '822 Russell Pass', 'Porsgrunn', 'profile_image_2.svg', 'T7mRfliH', 2, 2, b'1', '2020-11-16'),
('jpeytobe', 'jpeytobe@printfriendly.com', 'Juieta', 'Peyto', '2021-02-16', '736 Amoth Park', 'Göteborg', 'profile_image_2.svg', 'Z4w6b5V', 2, 2, b'1', '2020-10-27'),
('jpruce64', 'jpruce64@disqus.com', 'Joella', 'Pruce', '2020-11-06', '9642 Lake View Circle', 'Skien', 'profile_image_2.svg', 'tlmljC8', 2, 1, b'1', '2021-01-23'),
('jrameyct', 'jrameyct@biglobe.ne.jp', 'Jacenta', 'Ramey', '2021-05-02', '015 Hagan Street', 'Changning', 'profile_image_2.svg', 'sbmA9MX7Z5dI', 2, 2, b'1', '2021-01-28'),
('jrugieriqh', 'jrugieriqh@dropbox.com', 'Jacquelyn', 'Rugieri', '2021-03-23', '44423 Maple Wood Street', 'Bonneville', 'profile_image_2.svg', 'QzM6GB7if7s', 2, 2, b'1', '2021-01-16'),
('jschuelcke2g', 'jschuelcke2g@accuweather.com', 'Jannel', 'Schuelcke', '2021-06-10', '36902 Spaight Place', 'Cigemlong', 'profile_image_2.svg', 'PyWrEn', 2, 2, b'1', '2021-02-24'),
('jsedgemore6h', 'jsedgemore6h@edublogs.org', 'Joshuah', 'Sedgemore', '2021-07-10', '4082 Walton Circle', 'Paris La Défense', 'profile_image_2.svg', 'f5HhHzz', 2, 2, b'1', '2021-09-28'),
('jsimonelliby', 'jsimonelliby@barnesandnoble.com', 'Jody', 'Simonelli', '2021-05-02', '95817 Bayside Avenue', 'Ibaan', 'profile_image_2.svg', '376VGztR', 2, 2, b'1', '2020-12-11'),
('jstoodersqo', 'jstoodersqo@harvard.edu', 'Joelle', 'Stooders', '2021-09-12', '32 Mariners Cove Parkway', 'Beitou', 'profile_image_2.svg', '75gfEg7rT', 2, 2, b'1', '2021-08-22'),
('jteresaok', 'jteresaok@mit.edu', 'Jaynell', 'Teresa', '2021-06-29', '3070 Garrison Road', 'Sanhui', 'profile_image_2.svg', 'w4GFUj', 2, 2, b'1', '2021-02-26'),
('jtorettar4', 'jtorettar4@mozilla.org', 'Jillane', 'Toretta', '2021-04-25', '54 Farwell Lane', 'Sanhe', 'profile_image_2.svg', 'SCQzuz6k5', 2, 1, b'1', '2021-09-05'),
('jtraylingmr', 'jtraylingmr@umich.edu', 'Jasun', 'Trayling', '2021-08-19', '55475 Maple Wood Center', 'Vantaa', 'profile_image_2.svg', 'mtuGwpV', 2, 2, b'1', '2021-02-25'),
('jtwaiteqm', 'jtwaiteqm@apache.org', 'Juliana', 'Twaite', '2021-05-22', '9 Evergreen Center', 'Kampokpok', 'profile_image_2.svg', 'kBGkvgxkdR9', 2, 2, b'1', '2021-07-07'),
('jveldensm3', 'jveldensm3@alibaba.com', 'Janek', 'Veldens', '2021-02-13', '52540 Holy Cross Place', 'Voskop', 'profile_image_2.svg', 'MoZIE8N', 2, 2, b'1', '2021-07-20'),
('jyekelc7', 'jyekelc7@bravesites.com', 'Janice', 'Yekel', '2021-05-05', '5192 Melby Point', 'Szydłowo', 'profile_image_2.svg', 'nddTIiOF69', 2, 1, b'1', '2021-10-08'),
('kantonikovik', 'kantonikovik@latimes.com', 'Kip', 'Antonikov', '2021-08-11', '9702 Vernon Drive', 'Rāipur', 'profile_image_2.svg', 'RiRz6ssdQ', 2, 1, b'1', '2021-07-16'),
('kbenechon', 'kbenechon@ustream.tv', 'Kahlil', 'Benech', '2021-05-21', '9360 2nd Crossing', 'Buruanga', 'profile_image_2.svg', '8EDwXRNL5', 2, 1, b'1', '2020-11-19'),
('kbraidene5', 'kbraidene5@cyberchimps.com', 'Kerry', 'Braiden', '2021-09-11', '856 Mesta Trail', 'Al Ghandūrah', 'profile_image_2.svg', '4lRBpMaY1vM', 2, 1, b'1', '2020-10-26'),
('kbruyntjescz', 'kbruyntjescz@altervista.org', 'Kariotta', 'Bruyntjes', '2021-06-03', '640 Northland Place', 'Sanli', 'profile_image_2.svg', 'g8EFpG', 2, 2, b'1', '2020-10-26'),
('kburberrylo', 'kburberrylo@nba.com', 'Kimmi', 'Burberry', '2020-11-18', '49178 Harper Parkway', 'Ilesa', 'profile_image_2.svg', 'ju7AVx986NGk', 2, 1, b'1', '2021-09-28'),
('kcasbon1d', 'kcasbon1d@cyberchimps.com', 'Karlik', 'Casbon', '2021-09-24', '5 Sheridan Road', 'Gandiaye', 'profile_image_2.svg', 'n0AjWHBkP', 2, 1, b'1', '2020-11-28'),
('kcrossgrove84', 'kcrossgrove84@fotki.com', 'Kessiah', 'Crossgrove', '2020-11-17', '9 West Parkway', 'Ýdra', 'profile_image_2.svg', 'afTsDKaXbthp', 2, 2, b'1', '2021-03-24'),
('kcullinop', 'kcullinop@ebay.co.uk', 'Kearney', 'Cullin', '2021-09-26', '4 Warrior Plaza', 'Qingyang', 'profile_image_2.svg', 'DjJqiG', 2, 1, b'1', '2021-06-21'),
('kcurgenvenic', 'kcurgenvenic@qq.com', 'Katinka', 'Curgenven', '2021-08-30', '256 Anniversary Hill', 'Rasskazovo', 'profile_image_2.svg', 'jRU869FbcZbl', 2, 2, b'1', '2021-09-17'),
('kdemerdx', 'kdemerdx@slashdot.org', 'Krishna', 'Demer', '2021-04-15', '87500 Westport Center', 'Bayaguana', 'profile_image_2.svg', 'n7e5OBBo9l', 2, 1, b'1', '2021-03-10'),
('kdibling2', 'kdibling2@wikimedia.org', 'Kalli', 'Dibling', '2020-12-25', '802 Westridge Plaza', 'Huddinge', 'profile_image_2.svg', 'LddsXMqFf', 2, 2, b'1', '2021-05-18'),
('kdowyer99', 'kdowyer99@phpbb.com', 'Karyn', 'Dowyer', '2021-08-28', '821 Chinook Terrace', 'Mosta', 'profile_image_2.svg', '1ltnMs273mxr', 2, 1, b'1', '2021-09-06'),
('kduffill8i', 'kduffill8i@geocities.com', 'Kai', 'Duffill', '2021-10-08', '2051 Delladonna Street', 'Sicheng', 'profile_image_2.svg', 'YfSj5qebHX', 2, 1, b'1', '2021-03-07'),
('kebbottsr6', 'kebbottsr6@google.fr', 'Kennedy', 'Ebbotts', '2021-02-03', '4 Duke Terrace', 'San Mariano', 'profile_image_2.svg', '3lQRqNkABbm', 2, 1, b'1', '2021-09-27'),
('ketheridgear', 'ketheridgear@360.cn', 'Kore', 'Etheridge', '2021-03-02', '72579 Autumn Leaf Way', 'Lahar', 'profile_image_2.svg', 'Hnrlds4qvI', 2, 1, b'1', '2021-04-12'),
('keverixo5', 'keverixo5@psu.edu', 'Koo', 'Everix', '2021-03-28', '77222 Burning Wood Place', 'Neochóri', 'profile_image_2.svg', 'TuVkKwkl9wwM', 2, 2, b'1', '2021-06-06'),
('kfardellq4', 'kfardellq4@mapquest.com', 'Katharina', 'Fardell', '2021-09-25', '072 Glendale Parkway', 'La Broquerie', 'profile_image_2.svg', '0vwm2iA', 2, 1, b'1', '2020-10-17'),
('kfaustlk', 'kfaustlk@ameblo.jp', 'Kerri', 'Faust', '2021-02-20', '0588 Farmco Hill', 'Kayasula', 'profile_image_2.svg', 'Mf1IEBN', 2, 2, b'1', '2021-01-27'),
('kfawthrop33', 'kfawthrop33@mysql.com', 'Karena', 'Fawthrop', '2020-11-22', '70786 Dixon Terrace', 'Bologna', 'profile_image_2.svg', '8BD7kMmZY', 2, 1, b'1', '2021-02-16'),
('kfrizzellpg', 'kfrizzellpg@odnoklassniki.ru', 'Katya', 'Frizzell', '2020-11-23', '6317 Marquette Street', 'San Ramón', 'profile_image_2.svg', 'lc80BEPYN', 2, 2, b'1', '2021-01-17'),
('khabertgr', 'khabertgr@state.tx.us', 'Kristo', 'Habert', '2021-09-22', '73161 Melby Street', 'Zhongling', 'profile_image_2.svg', 'o2P4TzcNoxP', 2, 1, b'1', '2020-11-10'),
('khillinki', 'khillinki@seattletimes.com', 'Kennith', 'Hillin', '2021-06-27', '26 Nevada Terrace', 'Tân An', 'profile_image_2.svg', '6hk2M4I', 2, 2, b'1', '2021-03-08'),
('kiaduccelli2x', 'kiaduccelli2x@bing.com', 'Karrie', 'Iaduccelli', '2020-11-03', '7007 Emmet Circle', 'Vavuniya', 'profile_image_2.svg', 'IpJChoYH', 2, 1, b'1', '2020-11-23'),
('klottedb', 'klottedb@washington.edu', 'Kira', 'Lotte', '2021-07-15', '66 Steensland Plaza', 'Golubinci', 'profile_image_2.svg', 'C079lS8jcl', 2, 2, b'1', '2020-12-07'),
('klowdeanek0', 'klowdeanek0@elpais.com', 'Kiley', 'Lowdeane', '2020-12-14', '26678 Lyons Alley', 'Pyra', 'profile_image_2.svg', '51ZeCOVbj3ph', 2, 2, b'1', '2021-05-12'),
('kludewighm', 'kludewighm@toplist.cz', 'Kerr', 'Ludewig', '2021-05-21', '9663 Merry Terrace', 'Sarpang', 'profile_image_2.svg', 'u2ghLhEl5L', 2, 1, b'1', '2021-02-25'),
('kmacandrew1n', 'kmacandrew1n@thetimes.co.uk', 'Kaiser', 'MacAndrew', '2021-03-11', '95 Dayton Hill', 'Jiaqu', 'profile_image_2.svg', 'mT5zDJwI', 2, 1, b'1', '2020-12-29'),
('kmarke5n', 'kmarke5n@yahoo.co.jp', 'Kele', 'Marke', '2021-03-14', '691 Ronald Regan Alley', 'Liangwa', 'profile_image_2.svg', 'dzDI7CBsDt', 2, 2, b'1', '2021-02-14'),
('kmatthaih0', 'kmatthaih0@clickbank.net', 'Kaila', 'Matthai', '2021-09-03', '55 Eliot Trail', 'Osiek nad Notecią', 'profile_image_2.svg', 'xr6aAE4fE', 2, 1, b'1', '2021-07-13'),
('kmccloch5d', 'kmccloch5d@comcast.net', 'Kirsteni', 'McCloch', '2020-12-17', '5588 Larry Lane', 'Manado', 'profile_image_2.svg', 'DYI8sxRu', 2, 2, b'1', '2021-10-04'),
('kmerckdf', 'kmerckdf@joomla.org', 'Kristian', 'Merck', '2021-05-22', '9 Lindbergh Park', 'Cigembong', 'profile_image_2.svg', 'aseisMGgnxg', 2, 2, b'1', '2020-11-21'),
('kmolesjo', 'kmolesjo@mozilla.com', 'Kathi', 'Moles', '2021-03-13', '3951 Dennis Road', 'Ourozinho', 'profile_image_2.svg', 'latf5w1oFje', 2, 2, b'1', '2020-11-01'),
('kmorffew97', 'kmorffew97@senate.gov', 'Kaye', 'Morffew', '2021-09-16', '098 Division Court', 'Al Bāriqīyah', 'profile_image_2.svg', 'XfBEt2ZXGwO', 2, 2, b'1', '2020-11-01'),
('kriltong7', 'kriltong7@smh.com.au', 'Kania', 'Rilton', '2021-05-13', '548 Doe Crossing Circle', 'Juliaca', 'profile_image_2.svg', 'qxfj7u', 2, 1, b'1', '2020-10-26'),
('ksanzio54', 'ksanzio54@webs.com', 'Kassie', 'Sanzio', '2021-08-21', '62057 Cascade Trail', 'Stony Hill', 'profile_image_2.svg', 'kWzWDVLY', 2, 2, b'1', '2021-01-28'),
('kshephardre', 'kshephardre@bbc.co.uk', 'Kitty', 'Shephard', '2021-07-05', '8949 Vahlen Point', 'Pyskowice', 'profile_image_2.svg', '2dyflTczhL', 2, 1, b'1', '2021-08-16'),
('kspiveye1', 'kspiveye1@wired.com', 'Karlotte', 'Spivey', '2021-06-06', '8569 Sullivan Trail', 'Cigadog', 'profile_image_2.svg', 'UWYW82NU7UD', 2, 1, b'1', '2021-05-02'),
('ksteljes3y', 'ksteljes3y@yellowbook.com', 'Kurtis', 'Steljes', '2021-02-07', '48 Bunker Hill Alley', 'Węgry', 'profile_image_2.svg', '7seyRe4', 2, 1, b'1', '2021-03-01'),
('kstrankhr', 'kstrankhr@ftc.gov', 'Kristan', 'Strank', '2020-11-26', '4203 Ilene Court', 'Rokytnice', 'profile_image_2.svg', '8uBAvQF', 2, 2, b'1', '2021-03-17'),
('ktaffiekk', 'ktaffiekk@wiley.com', 'Kizzie', 'Taffie', '2020-11-27', '55 Fuller Alley', 'Washington', 'profile_image_2.svg', 'qzAf8Rq1', 2, 2, b'1', '2021-05-05'),
('kternault6k', 'kternault6k@last.fm', 'Kevin', 'Ternault', '2021-10-11', '52251 Hanover Trail', 'Liqi', 'profile_image_2.svg', 'MK7RJWCNH', 2, 2, b'1', '2021-06-08'),
('kthorpe2i', 'kthorpe2i@pbs.org', 'Karlan', 'Thorpe', '2021-02-03', '0 Gulseth Avenue', 'Chengdong', 'profile_image_2.svg', 'Njsvaaosa63b', 2, 2, b'1', '2021-05-09');
INSERT INTO `users` (`username`, `email`, `name`, `surname`, `nacimiento`, `direccion`, `localidad`, `profile`, `password`, `rol`, `gen`, `isProminent`, `created_at`) VALUES
('ktoll1r', 'ktoll1r@amazon.de', 'Kele', 'Toll', '2021-10-07', '38 Bluestem Junction', 'Yingcheng', 'profile_image_2.svg', 'KEotJD', 2, 1, b'1', '2021-02-26'),
('ktomensonn3', 'ktomensonn3@gmpg.org', 'Kassandra', 'Tomenson', '2021-06-02', '7392 Shelley Trail', 'Konongo', 'profile_image_2.svg', '7M2R5T', 2, 2, b'1', '2021-03-18'),
('ktowndrow2f', 'ktowndrow2f@sun.com', 'Konstantine', 'Towndrow', '2020-12-17', '15 Ridge Oak Point', 'Linköping', 'profile_image_2.svg', 'zIZbRkhOUl', 2, 2, b'1', '2021-01-22'),
('kwhitesidelf', 'kwhitesidelf@dagondesign.com', 'Kacy', 'Whiteside', '2021-06-13', '282 Independence Pass', 'Huangni', 'profile_image_2.svg', 'avHFmsUYbv', 2, 1, b'1', '2021-06-02'),
('kwifelu', 'kwifelu@51.la', 'Kittie', 'Wife', '2021-01-07', '52480 Nevada Hill', 'Sumuragung', 'profile_image_2.svg', 'RkUA2dwqb', 2, 1, b'1', '2021-08-18'),
('kwyrall49', 'kwyrall49@google.com.br', 'Kermy', 'Wyrall', '2021-08-23', '01633 Cambridge Pass', 'Chợ Chu', 'profile_image_2.svg', 'aav6F1D', 2, 2, b'1', '2020-12-17'),
('ladam9i', 'ladam9i@wikispaces.com', 'Leesa', 'Adam', '2021-10-10', '95 Center Circle', 'Bragança', 'profile_image_2.svg', 'IIDW3DO', 2, 1, b'1', '2021-01-01'),
('lallderid', 'lallderid@jimdo.com', 'Lovell', 'Allder', '2021-09-21', '5 Comanche Plaza', 'Ḩabbān', 'profile_image_2.svg', 'ihBcFkTj', 2, 1, b'1', '2021-02-23'),
('lallsobrooko7', 'lallsobrooko7@ifeng.com', 'Latisha', 'Allsobrook', '2021-09-21', '17 Declaration Plaza', 'Causip', 'profile_image_2.svg', 'fJdSzhU', 2, 1, b'1', '2020-11-15'),
('lameerbegn7', 'lameerbegn7@cpanel.net', 'Leonidas', 'Ameer-Beg', '2021-06-03', '6852 Alpine Crossing', 'Pirané', 'profile_image_2.svg', 'TFelHvZr8afL', 2, 1, b'1', '2021-06-19'),
('lbarlace2k', 'lbarlace2k@nasa.gov', 'Lyndy', 'Barlace', '2020-10-13', '4 Daystar Drive', 'Duut', 'profile_image_2.svg', 'EyX46HpZ', 2, 2, b'1', '2021-01-28'),
('lbaulchqe', 'lbaulchqe@vimeo.com', 'Lotte', 'Baulch', '2021-02-13', '239 Haas Center', 'Jerusalem', 'profile_image_2.svg', 'YIXczljhb', 2, 1, b'1', '2020-11-04'),
('lbetjen2', 'lbetjen2@independent.co.uk', 'Lew', 'Betje', '2021-02-17', '105 Muir Avenue', 'Hanzhong', 'profile_image_2.svg', 'Mzoq8z0cf', 2, 1, b'1', '2020-12-05'),
('lborrie5r', 'lborrie5r@newyorker.com', 'Laughton', 'Borrie', '2021-07-28', '91482 Prairieview Circle', 'Tungoo', 'profile_image_2.svg', 'arK2JaklR6E', 2, 1, b'1', '2021-06-13'),
('lcattini26', 'lcattini26@yahoo.com', 'Lanny', 'Cattini', '2021-05-25', '450 Hovde Street', 'Marāveh Tappeh', 'profile_image_2.svg', 'sHk4R8BuP', 2, 1, b'1', '2021-07-28'),
('lcawkwell8o', 'lcawkwell8o@salon.com', 'Lucia', 'Cawkwell', '2021-03-16', '6474 Maywood Center', 'Vavozh', 'profile_image_2.svg', 'fny8Sb7gpQ3x', 2, 2, b'1', '2021-03-24'),
('lchaplingfm', 'lchaplingfm@house.gov', 'Lawton', 'Chapling', '2021-08-23', '615 Montana Hill', 'Tianfu', 'profile_image_2.svg', 'dLy7sN', 2, 1, b'1', '2021-01-17'),
('lchoppen1z', 'lchoppen1z@washington.edu', 'Leanor', 'Choppen', '2021-01-31', '11557 Lien Alley', 'Razumnoye', 'profile_image_2.svg', 'vOiHyeBa6', 2, 1, b'1', '2020-11-02'),
('lconduit4n', 'lconduit4n@shareasale.com', 'Lura', 'Conduit', '2021-09-16', '37338 Miller Place', 'Roanoke', 'profile_image_2.svg', '2xEDlb', 2, 1, b'1', '2021-01-08'),
('ldantoniok7', 'ldantoniok7@bloglovin.com', 'Lucienne', 'D\'Antonio', '2021-08-07', '263 Old Shore Terrace', 'Nizhnyaya Tavda', 'profile_image_2.svg', 'DDBAxKVPvA4', 2, 2, b'1', '2020-12-31'),
('ldelahunty62', 'ldelahunty62@uol.com.br', 'Ladonna', 'Delahunty', '2021-06-09', '5 Lyons Plaza', 'Lapaz', 'profile_image_2.svg', 'FFl916D8H', 2, 1, b'1', '2021-03-04'),
('ldesport2d', 'ldesport2d@upenn.edu', 'Langston', 'Desport', '2020-10-22', '89 Utah Terrace', 'Perfilovo', 'profile_image_2.svg', '67mw70e', 2, 1, b'1', '2021-07-12'),
('ldew7r', 'ldew7r@imgur.com', 'Lonny', 'Dew', '2020-12-28', '487 Hoffman Parkway', 'Stamboliyski', 'profile_image_2.svg', '5fU89w', 2, 1, b'1', '2020-12-28'),
('ldowell3i', 'ldowell3i@google.cn', 'Lori', 'Dowell', '2021-02-13', '00523 Oneill Terrace', 'Satipo', 'profile_image_2.svg', 'eCKTCL', 2, 1, b'1', '2021-07-01'),
('lduggeti2', 'lduggeti2@google.com.br', 'Leeland', 'Dugget', '2021-03-31', '55045 Garrison Terrace', 'Morshansk', 'profile_image_2.svg', 'IbgCOOWmV', 2, 1, b'1', '2021-09-16'),
('leasteru', 'leasteru@sogou.com', 'Lucien', 'Easter', '2021-06-21', '51 Fairfield Court', 'Alcalá', 'profile_image_2.svg', 'qrY0ZcwfLjO3', 2, 2, b'1', '2021-08-16'),
('leroniep2', 'leroniep2@microsoft.com', 'Luca', 'Eronie', '2021-07-25', '2750 Victoria Pass', 'Jambean', 'profile_image_2.svg', '19xksal9', 2, 1, b'1', '2021-04-29'),
('lfarbrothero1', 'lfarbrothero1@gov.uk', 'Lyndy', 'Farbrother', '2021-05-27', '15493 Quincy Park', 'Vihāri', 'profile_image_2.svg', 't75e2pFyEKR', 2, 2, b'1', '2021-02-08'),
('lfiveykv', 'lfiveykv@prlog.org', 'Linus', 'Fivey', '2020-11-06', '11340 Norway Maple Junction', 'Andoany', 'profile_image_2.svg', 'Cir9Y2N9KGdN', 2, 2, b'1', '2021-05-18'),
('lfletcherpx', 'lfletcherpx@hugedomains.com', 'Lydie', 'Fletcher', '2020-12-31', '906 Maywood Place', 'San Vicente', 'profile_image_2.svg', 'qK79UfmHB', 2, 2, b'1', '2021-04-12'),
('lgiovannazzie6', 'lgiovannazzie6@rakuten.co.jp', 'Leroy', 'Giovannazzi', '2020-10-27', '9741 Butterfield Center', 'Lākshām', 'profile_image_2.svg', 'G18Z7WrfC', 2, 1, b'1', '2021-04-25'),
('lgoodinge42', 'lgoodinge42@last.fm', 'Luise', 'Goodinge', '2020-12-14', '43538 Hanson Point', 'Zaymishche', 'profile_image_2.svg', 'Z3jnBOL7TyPO', 2, 2, b'1', '2021-07-09'),
('lgroviermq', 'lgroviermq@csmonitor.com', 'Lorie', 'Grovier', '2021-03-08', '3301 2nd Park', 'Santa Maria', 'profile_image_2.svg', 'wQ0ZajNlcp', 2, 2, b'1', '2021-08-27'),
('lguiducci31', 'lguiducci31@squidoo.com', 'Leodora', 'Guiducci', '2021-08-24', '34 Oriole Alley', 'Longjing', 'profile_image_2.svg', '4ptsbN', 2, 1, b'1', '2021-01-16'),
('lhaddintoncg', 'lhaddintoncg@g.co', 'Lari', 'Haddinton', '2020-10-14', '62328 Dovetail Junction', 'Zhukovka', 'profile_image_2.svg', 'cgAfWnfT7b', 2, 2, b'1', '2021-02-09'),
('lhallibonerj', 'lhallibonerj@istockphoto.com', 'Lulita', 'Hallibone', '2021-05-15', '43 Mesta Drive', 'Xiaomenjia', 'profile_image_2.svg', 'WllYYgYhhwmy', 2, 1, b'1', '2021-07-01'),
('lhiscokeb6', 'lhiscokeb6@ftc.gov', 'Lawry', 'Hiscoke', '2021-05-29', '5782 Bultman Junction', 'Yaqian', 'profile_image_2.svg', 'CgJ6eO7', 2, 2, b'1', '2021-03-20'),
('lhowsegoj1', 'lhowsegoj1@histats.com', 'Lyda', 'Howsego', '2021-05-06', '67 Union Street', 'Yingkeng', 'profile_image_2.svg', 'iszXsKQol3Y', 2, 2, b'1', '2021-05-29'),
('lhowser7', 'lhowser7@chicagotribune.com', 'Lila', 'Howse', '2021-02-03', '2 Northview Crossing', 'Gurbuki', 'profile_image_2.svg', 'SpC2MaTqZGhS', 2, 2, b'1', '2021-04-23'),
('lhuckabeb2', 'lhuckabeb2@harvard.edu', 'Lizbeth', 'Huckabe', '2021-06-02', '9346 Upham Avenue', 'Shanghuang', 'profile_image_2.svg', 'CPRQr6fV', 2, 2, b'1', '2021-08-02'),
('ljaneczeke', 'ljaneczeke@umich.edu', 'Leah', 'Janeczek', '2020-12-14', '87 Dapin Place', 'Netvořice', 'profile_image_2.svg', '9rWyH0', 2, 1, b'1', '2020-11-09'),
('lklichem4', 'lklichem4@1688.com', 'Lowe', 'Kliche', '2021-01-04', '8390 Dorton Drive', 'Jaguarari', 'profile_image_2.svg', '9l1iig', 2, 2, b'1', '2020-11-05'),
('lknowlsonow', 'lknowlsonow@ocn.ne.jp', 'Lorilyn', 'Knowlson', '2021-04-06', '0301 Little Fleur Parkway', 'Ratchathewi', 'profile_image_2.svg', 'A29zwvmjLF70', 2, 2, b'1', '2021-08-06'),
('lkynton4d', 'lkynton4d@cbslocal.com', 'Lance', 'Kynton', '2021-07-13', '7197 Jenifer Terrace', 'Santo Amador', 'profile_image_2.svg', 'xfN8Luqa2QX', 2, 1, b'1', '2021-04-09'),
('llappinemc', 'llappinemc@opera.com', 'Lotta', 'Lappine', '2021-09-15', '85 Crowley Park', 'Yinyang', 'profile_image_2.svg', '2Z0Br3xhkfE', 2, 1, b'1', '2021-04-01'),
('lmcdugalag', 'lmcdugalag@bloomberg.com', 'Leonanie', 'McDugal', '2021-07-08', '582 Moulton Pass', 'Fenchen', 'profile_image_2.svg', 'lNYFAbg', 2, 1, b'1', '2021-04-27'),
('lmcmorranrg', 'lmcmorranrg@eventbrite.com', 'Lela', 'McMorran', '2021-05-06', '952 5th Lane', 'Anchorage', 'profile_image_2.svg', 'Be8K23TRl', 2, 2, b'1', '2021-02-13'),
('lmcquorkelljy', 'lmcquorkelljy@ebay.com', 'Laney', 'McQuorkell', '2020-12-08', '079 Mallory Center', 'Ust’-Katav', 'profile_image_2.svg', 'wuAHXlI4TcfY', 2, 2, b'1', '2021-06-07'),
('lmorvilleje', 'lmorvilleje@usda.gov', 'Lanita', 'Morville', '2021-08-07', '25 Sage Way', 'Nong Phok', 'profile_image_2.svg', 'U5pKj4J', 2, 2, b'1', '2020-12-02'),
('loldcroft1m', 'loldcroft1m@google.it', 'Lauren', 'Oldcroft', '2021-05-11', '4 Logan Court', 'Liuxia', 'profile_image_2.svg', 'qxo3wc', 2, 2, b'1', '2020-12-14'),
('lorteau2u', 'lorteau2u@ox.ac.uk', 'Lora', 'Orteau', '2021-05-09', '9752 Sullivan Avenue', 'Uuemõisa', 'profile_image_2.svg', 'ucCxjvP', 2, 1, b'1', '2020-12-04'),
('lpaikma', 'lpaikma@booking.com', 'Laurena', 'Paik', '2021-08-27', '75 Mandrake Drive', 'San Juan', 'profile_image_2.svg', 'Lr5NMvKcudxv', 2, 1, b'1', '2020-12-26'),
('lpardue58', 'lpardue58@exblog.jp', 'Lotty', 'Pardue', '2021-07-25', '92506 Paget Center', 'El Paso', 'profile_image_2.svg', 'sriTG51rlIq9', 2, 2, b'1', '2021-02-28'),
('lpawseyqf', 'lpawseyqf@virginia.edu', 'Lemar', 'Pawsey', '2021-10-11', '227 Browning Pass', 'Quảng Yên', 'profile_image_2.svg', 'gYXtJPk', 2, 2, b'1', '2021-06-24'),
('lphilpaultm2', 'lphilpaultm2@tmall.com', 'Libbi', 'Philpault', '2021-04-19', '07880 Crownhardt Place', 'Ronda', 'profile_image_2.svg', 'aQC9ftqFCd4O', 2, 1, b'1', '2020-12-07'),
('lpimm8q', 'lpimm8q@mlb.com', 'Levy', 'Pimm', '2021-08-11', '74760 Walton Crossing', 'Chợ Lầu', 'profile_image_2.svg', 'IvQRH9kuUQY', 2, 2, b'1', '2020-11-11'),
('lpolletta3', 'lpolletta3@studiopress.com', 'Lora', 'Pollett', '2021-05-04', '3 Fuller Circle', 'Bangui', 'profile_image_2.svg', '3dfqvdKw', 2, 2, b'1', '2021-02-27'),
('lpottes8m', 'lpottes8m@wufoo.com', 'Lavena', 'Pottes', '2021-02-10', '0 American Center', 'Xixiang', 'profile_image_2.svg', 'Ybbz0n87QAV', 2, 2, b'1', '2021-03-21'),
('lprigmorebn', 'lprigmorebn@examiner.com', 'Lynea', 'Prigmore', '2020-11-17', '1107 Bellgrove Hill', 'Montgomery', 'profile_image_2.svg', 't2Gk8723h44', 2, 1, b'1', '2021-06-15'),
('lrawlinsongv', 'lrawlinsongv@patch.com', 'Lyman', 'Rawlinson', '2020-12-05', '17 Badeau Lane', 'Şuwayr', 'profile_image_2.svg', 'n9xPRXPF4f', 2, 1, b'1', '2021-07-12'),
('lrisbridgera6', 'lrisbridgera6@samsung.com', 'Laurette', 'Risbridger', '2021-07-29', '57 Luster Point', 'Jiangwan', 'profile_image_2.svg', 'Bt9i2Y8', 2, 2, b'1', '2021-01-03'),
('lrockeyqa', 'lrockeyqa@tumblr.com', 'Livvy', 'Rockey', '2021-08-13', '1 Farwell Trail', 'Tanjungampalu', 'profile_image_2.svg', 'YdpaG4d', 2, 2, b'1', '2021-01-18'),
('lroofaf', 'lroofaf@earthlink.net', 'Link', 'Roof', '2020-10-27', '5545 Bluejay Place', 'Kuantan', 'profile_image_2.svg', 'oLbEaABEpZ', 2, 1, b'1', '2020-10-31'),
('lrowfd', 'lrowfd@msu.edu', 'Lisette', 'Row', '2021-03-03', '1 Thompson Trail', 'Songyuan', 'profile_image_2.svg', '431sZcqiyZ', 2, 1, b'1', '2021-09-19'),
('lsimcox47', 'lsimcox47@google.co.jp', 'Letta', 'Simcox', '2021-09-13', '13317 Hansons Park', 'Shebekino', 'profile_image_2.svg', '0WNmbCNUVGZ', 2, 2, b'1', '2021-01-26'),
('lstanwixft', 'lstanwixft@g.co', 'Laurie', 'Stanwix', '2021-03-06', '611 Prairie Rose Pass', 'Xiangshi', 'profile_image_2.svg', 'fIsoOqdVzA', 2, 1, b'1', '2021-09-13'),
('lstollerybc', 'lstollerybc@miitbeian.gov.cn', 'Laurene', 'Stollery', '2020-11-26', '0218 Hansons Pass', 'Luozhuang', 'profile_image_2.svg', 'WLxQfKhr', 2, 2, b'1', '2021-01-12'),
('lstovenac', 'lstovenac@hubpages.com', 'Lyell', 'Stoven', '2021-08-06', '18 Helena Circle', 'Buracan', 'profile_image_2.svg', 'kFOLsbwqwG', 2, 1, b'1', '2021-07-15'),
('lterrellydr', 'lterrellydr@youku.com', 'Lonnie', 'Terrelly', '2021-01-17', '4 Sunbrook Court', 'Muchkapskiy', 'profile_image_2.svg', '5IjoOz', 2, 2, b'1', '2020-12-12'),
('ltryoo', 'ltryoo@google.com', 'Liesa', 'Try', '2020-11-09', '5444 Moland Terrace', 'Paritjunus', 'profile_image_2.svg', 'bmq3u3L', 2, 2, b'1', '2021-06-09'),
('lvoadenl3', 'lvoadenl3@bluehost.com', 'Ludvig', 'Voaden', '2021-01-02', '01 Hoffman Center', 'Timóteo', 'profile_image_2.svg', '9NxbRa', 2, 1, b'1', '2021-07-16'),
('lwaleworkak', 'lwaleworkak@usatoday.com', 'Lonnie', 'Walework', '2021-04-22', '857 Briar Crest Plaza', 'Razumnoye', 'profile_image_2.svg', 'xrw1MRHAP5HC', 2, 1, b'1', '2021-01-28'),
('lwanklyn7o', 'lwanklyn7o@diigo.com', 'Lancelot', 'Wanklyn', '2020-10-20', '664 Victoria Road', 'Librazhd', 'profile_image_2.svg', 'ETNBSLLE33Wf', 2, 2, b'1', '2021-05-29'),
('lyaakovei', 'lyaakovei@fema.gov', 'Lombard', 'Yaakov', '2020-12-06', '9672 Birchwood Park', 'Tanjungkerta', 'profile_image_2.svg', 'JVStpty', 2, 2, b'1', '2020-10-29'),
('mabelesng', 'mabelesng@bing.com', 'Morton', 'Abeles', '2021-07-11', '0330 Service Court', 'Aurora', 'profile_image_2.svg', 'QMmHkD68', 2, 2, b'1', '2021-07-09'),
('madamov1h', 'madamov1h@flickr.com', 'Marion', 'Adamov', '2021-08-24', '223 Hauk Terrace', 'Luocheng', 'profile_image_2.svg', 'WfuAJRJTZV', 2, 1, b'1', '2021-10-10'),
('mapplegateks', 'mapplegateks@addthis.com', 'Matt', 'Applegate', '2020-11-04', '1 Manley Point', 'Lunéville', 'profile_image_2.svg', 'gZLO1OOyQk', 2, 2, b'1', '2020-10-18'),
('mbalfreb9', 'mbalfreb9@theguardian.com', 'Maribeth', 'Balfre', '2021-09-25', '95 Sherman Terrace', 'Dachang', 'profile_image_2.svg', 'zwc9IkvW', 2, 2, b'1', '2021-08-20'),
('mbarke6r', 'mbarke6r@nasa.gov', 'Mindy', 'Barke', '2020-10-30', '20 Sutherland Plaza', 'Petushki', 'profile_image_2.svg', 'MeezpwR6jC', 2, 1, b'1', '2021-07-10'),
('mbaxsterfx', 'mbaxsterfx@twitter.com', 'Mirabel', 'Baxster', '2020-12-08', '685 Superior Alley', 'Kuangyuan', 'profile_image_2.svg', 'UAUYJAMvPlyx', 2, 1, b'1', '2021-04-24'),
('mbembridgegb', 'mbembridgegb@t.co', 'Marguerite', 'Bembridge', '2021-05-15', '52187 Butterfield Court', 'Pulaukijang', 'profile_image_2.svg', 'Tkp4gt0', 2, 1, b'1', '2021-05-22'),
('mbernhardici', 'mbernhardici@wisc.edu', 'Malva', 'Bernhardi', '2020-11-18', '416 Acker Parkway', 'Klampok', 'profile_image_2.svg', 'La2CqbhM', 2, 1, b'1', '2021-07-08'),
('mbissell9c', 'mbissell9c@goo.ne.jp', 'Marcelline', 'Bissell', '2020-11-28', '3 Rockefeller Point', 'Panenggoede', 'profile_image_2.svg', 'dGOHwMrmiVLH', 2, 1, b'1', '2020-11-30'),
('mburnet66', 'mburnet66@europa.eu', 'Mick', 'Burnet', '2020-12-02', '28 Luster Drive', 'Aūa', 'profile_image_2.svg', 'KOSJkICLPo', 2, 1, b'1', '2020-11-06'),
('mbuswelln0', 'mbuswelln0@i2i.jp', 'Marvin', 'Buswell', '2021-07-30', '0 Spaight Trail', 'Philadelphia', 'profile_image_2.svg', 'TN5dZzu2f', 2, 1, b'1', '2021-09-05'),
('mcancottn4', 'mcancottn4@about.me', 'Marchelle', 'Cancott', '2021-03-11', '2 Thierer Crossing', 'Tobruk', 'profile_image_2.svg', 'xsTfYWcV048r', 2, 1, b'1', '2021-04-10'),
('mcastilljohw', 'mcastilljohw@dailymotion.com', 'Michell', 'Castilljo', '2021-04-05', '31 Mariners Cove Street', 'Mobai', 'profile_image_2.svg', 'CDDrdV5F', 2, 1, b'1', '2020-11-04'),
('mciobutaroaj', 'mciobutaroaj@ask.com', 'Mikkel', 'Ciobutaro', '2021-05-06', '4 Grayhawk Parkway', 'Yushang', 'profile_image_2.svg', 'vrjRNitIE', 2, 1, b'1', '2021-05-18'),
('mcolbyc9', 'mcolbyc9@rambler.ru', 'Myrwyn', 'Colby', '2021-08-10', '81 Lakewood Road', 'Jelbuk', 'profile_image_2.svg', 'UPhDpy', 2, 1, b'1', '2021-07-06'),
('mcomino40', 'mcomino40@artisteer.com', 'Martie', 'Comino', '2020-11-07', '85595 Esker Avenue', 'Telengsari', 'profile_image_2.svg', 'AC5pXjoZJd3e', 2, 1, b'1', '2021-05-16'),
('mcroanen', 'mcroanen@hp.com', 'Marley', 'Croan', '2021-01-24', '888 Fieldstone Trail', 'Vovchans’k', 'profile_image_2.svg', 'nNLCRNFXnYyY', 2, 2, b'1', '2021-03-28'),
('mdanilchev9s', 'mdanilchev9s@time.com', 'Marcela', 'Danilchev', '2021-04-04', '96001 Coleman Drive', 'Marseille', 'profile_image_2.svg', 'g40vy5n', 2, 2, b'1', '2021-05-27'),
('mdeangelish3', 'mdeangelish3@sun.com', 'Mel', 'De Angelis', '2021-02-07', '769 Arapahoe Court', 'Pazarić', 'profile_image_2.svg', 'kYfpfzQ', 2, 2, b'1', '2020-11-20'),
('mdecavillea5', 'mdecavillea5@gov.uk', 'Madel', 'De Caville', '2020-12-16', '0 Buell Lane', 'Długosiodło', 'profile_image_2.svg', 'i2kwq3q', 2, 2, b'1', '2021-04-02'),
('mdifrancescoqb', 'mdifrancescoqb@usgs.gov', 'Melly', 'Di Francesco', '2021-01-31', '62690 Bowman Center', 'Yahe', 'profile_image_2.svg', 'ofS5CfV7', 2, 1, b'1', '2021-02-08'),
('mdionisioj7', 'mdionisioj7@microsoft.com', 'Merilee', 'Dionisio', '2020-12-05', '719 Quincy Trail', 'Ingarö', 'profile_image_2.svg', 'vDYAmL', 2, 2, b'1', '2021-03-17'),
('mdodshonnk', 'mdodshonnk@nba.com', 'Matthieu', 'Dodshon', '2021-03-31', '22514 Lawn Junction', 'Houmt Souk', 'profile_image_2.svg', '75chLlPYsew', 2, 1, b'1', '2020-12-08'),
('melnaughmh', 'melnaughmh@senate.gov', 'Maureen', 'Elnaugh', '2021-03-22', '328 Troy Circle', 'Serrana', 'profile_image_2.svg', '555AhHhJl', 2, 1, b'1', '2021-07-10'),
('meuplatekr', 'meuplatekr@patch.com', 'Maisey', 'Euplate', '2021-02-12', '41570 Colorado Circle', 'Xianghu', 'profile_image_2.svg', 'HKBAy1', 2, 1, b'1', '2021-03-21'),
('mfargher34', 'mfargher34@icq.com', 'Merill', 'Fargher', '2021-01-22', '0382 Bobwhite Junction', 'Thị Trấn Hùng Quốc', 'profile_image_2.svg', 'R4fLnG7Jlvf', 2, 2, b'1', '2021-04-01'),
('mfarreilht', 'mfarreilht@about.me', 'Myer', 'Farreil', '2021-10-09', '81 Kedzie Court', 'Špišić-Bukovica', 'profile_image_2.svg', 'y2Ik2g2', 2, 2, b'1', '2020-10-28'),
('mgopsillb1', 'mgopsillb1@wiley.com', 'Martina', 'Gopsill', '2021-06-26', '278 Waubesa Trail', 'Bukui', 'profile_image_2.svg', 'gOpxWQ', 2, 1, b'1', '2020-11-08'),
('mgreenfield44', 'mgreenfield44@wikimedia.org', 'Modestine', 'Greenfield', '2021-07-05', '6008 Cambridge Place', 'Hasuda', 'profile_image_2.svg', 'MMfanISziGD', 2, 1, b'1', '2020-10-20'),
('mhedgepu', 'mhedgepu@studiopress.com', 'Merralee', 'Hedge', '2021-03-18', '51426 Basil Alley', 'Saint-Louis', 'profile_image_2.svg', 'gi9AgeRBQ4', 2, 1, b'1', '2021-02-23'),
('mhenric75', 'mhenric75@artisteer.com', 'Mechelle', 'Henric', '2020-12-03', '87 Elgar Plaza', 'Zaragoza', 'profile_image_2.svg', 'KSnhthE446Q', 2, 1, b'1', '2021-06-05'),
('mhowelsqp', 'mhowelsqp@list-manage.com', 'Marlow', 'Howels', '2021-07-26', '39492 Swallow Drive', 'Waihi', 'profile_image_2.svg', 'Zwq2cPPCa2', 2, 2, b'1', '2021-02-25'),
('mhymasjf', 'mhymasjf@wired.com', 'Mick', 'Hymas', '2021-01-30', '91 Maple Parkway', 'Vostochnyy', 'profile_image_2.svg', 'tDaAp1I6ze', 2, 1, b'1', '2020-11-09'),
('mjikovskyit', 'mjikovskyit@mail.ru', 'Maurizio', 'Jikovsky', '2021-06-20', '657 Victoria Place', 'Vitarte', 'profile_image_2.svg', 'ijtLwnfBPen', 2, 2, b'1', '2021-07-31'),
('mjirasek5h', 'mjirasek5h@biglobe.ne.jp', 'Myrtia', 'Jirasek', '2021-06-24', '3417 David Drive', 'Baru Timur', 'profile_image_2.svg', '94uoXjD2Ib', 2, 1, b'1', '2021-08-16'),
('mklesel1e', 'mklesel1e@google.nl', 'Miquela', 'Klesel', '2021-08-15', '97 Tony Court', 'Tianmen', 'profile_image_2.svg', 'ecuMtPza', 2, 2, b'1', '2021-01-16'),
('mkohringeu', 'mkohringeu@bloomberg.com', 'Marrissa', 'Kohring', '2020-11-07', '93512 Ronald Regan Plaza', 'Gornji Milanovac', 'profile_image_2.svg', 'pcedu04', 2, 1, b'1', '2021-01-25'),
('mkonzelmannhn', 'mkonzelmannhn@google.de', 'Moishe', 'Konzelmann', '2020-10-23', '8 Westport Alley', 'Lamas', 'profile_image_2.svg', 'PE9g3VpDH', 2, 1, b'1', '2020-11-26'),
('mkorfmannly', 'mkorfmannly@cyberchimps.com', 'Maddi', 'Korfmann', '2021-09-07', '7 Bartillon Trail', 'Kolambugan', 'profile_image_2.svg', 'ua86xLE0', 2, 2, b'1', '2021-02-26'),
('mlabescl', 'mlabescl@foxnews.com', 'Maxim', 'Labes', '2021-01-31', '9825 Monument Street', 'Bourg-lès-Valence', 'profile_image_2.svg', 'iiMyTqOw7yak', 2, 1, b'1', '2021-09-12'),
('mlaybourne23', 'mlaybourne23@free.fr', 'Malissa', 'Laybourne', '2021-02-20', '11016 Linden Point', 'Malabar', 'profile_image_2.svg', '2RLOdB', 2, 1, b'1', '2021-06-02'),
('mlipscombd4', 'mlipscombd4@aboutads.info', 'Melinde', 'Lipscomb', '2021-05-04', '280 Jackson Trail', 'Kefar Yona', 'profile_image_2.svg', 'TmmyN3C8', 2, 2, b'1', '2021-03-27'),
('mlonglandc8', 'mlonglandc8@shop-pro.jp', 'Miran', 'Longland', '2021-05-29', '3 Walton Hill', 'Medeiros Neto', 'profile_image_2.svg', 'M3UuryF8mEl', 2, 2, b'1', '2021-08-10'),
('mmacgownja', 'mmacgownja@army.mil', 'Merilee', 'MacGown', '2021-10-10', '8138 Summer Ridge Plaza', 'Tanahmerah', 'profile_image_2.svg', '1V2uMG', 2, 1, b'1', '2021-06-04'),
('mmaryet5b', 'mmaryet5b@sakura.ne.jp', 'Malynda', 'Maryet', '2020-12-21', '42730 Pond Avenue', 'Xianghu', 'profile_image_2.svg', 'ZFM0bHGAy8Rs', 2, 1, b'1', '2020-10-25'),
('mmcmasterc3', 'mmcmasterc3@usa.gov', 'Minor', 'McMaster', '2021-09-10', '07368 Kipling Road', 'Jiantianjie', 'profile_image_2.svg', 'Un3C3VeXMvV', 2, 2, b'1', '2021-01-05'),
('mmetheringhamib', 'mmetheringhamib@123-reg.co.uk', 'Minerva', 'Metheringham', '2021-09-27', '51 Moose Point', 'Bua Yai', 'profile_image_2.svg', 'VQJnjW0M', 2, 1, b'1', '2020-10-29'),
('mnockells1', 'mnockells1@arizona.edu', 'Muire', 'Nockells', '2021-01-11', '69 Center Avenue', 'Divichibazar', 'profile_image_2.svg', '0gZRcke69z', 2, 1, b'1', '2021-07-20'),
('mnorganiq', 'mnorganiq@patch.com', 'Marcela', 'Norgan', '2021-03-17', '051 Dwight Junction', 'Caohezhang', 'profile_image_2.svg', 'NHedjhIfZYR', 2, 1, b'1', '2020-12-12'),
('mocloneyia', 'mocloneyia@cocolog-nifty.com', 'Martita', 'O\' Cloney', '2021-10-08', '821 Stone Corner Point', 'Terny', 'profile_image_2.svg', 'qSBUJVarcTn', 2, 2, b'1', '2021-05-05'),
('mpallantiw', 'mpallantiw@de.vu', 'Mabel', 'Pallant', '2021-08-18', '0 Donald Way', 'Angoulême', 'profile_image_2.svg', '2v2r5wW12yO', 2, 2, b'1', '2021-09-13'),
('mpatronojg', 'mpatronojg@pcworld.com', 'Marylou', 'Patrono', '2021-07-06', '6934 Fallview Street', 'Lawa-an', 'profile_image_2.svg', '8JKkMOUK2x', 2, 1, b'1', '2021-04-13'),
('mpendle81', 'mpendle81@epa.gov', 'Maitilde', 'Pendle', '2021-04-20', '55 8th Crossing', 'Luzon', 'profile_image_2.svg', 'DVlGYU3sPZ', 2, 1, b'1', '2021-01-10'),
('mperkins1y', 'mperkins1y@blogger.com', 'Markos', 'Perkins', '2021-07-03', '54608 Towne Parkway', 'Zhendong', 'profile_image_2.svg', '8pQBdw', 2, 2, b'1', '2020-11-02'),
('mpyecroftpd', 'mpyecroftpd@newyorker.com', 'Mauricio', 'Pyecroft', '2021-10-10', '93404 Spaight Junction', 'Mojogajeh', 'profile_image_2.svg', 'apqtf0h', 2, 2, b'1', '2021-03-21'),
('mridlerco', 'mridlerco@macromedia.com', 'Minta', 'Ridler', '2021-07-22', '26545 Nevada Lane', 'Merke', 'profile_image_2.svg', 'ZdCvOKKsjvi8', 2, 2, b'1', '2020-12-04'),
('mrobelkp', 'mrobelkp@ustream.tv', 'Mario', 'Robel', '2021-04-05', '9 Hagan Plaza', 'Nancheng', 'profile_image_2.svg', 'TREnjep', 2, 1, b'1', '2021-09-22'),
('mrome48', 'mrome48@alibaba.com', 'Midge', 'Rome', '2021-03-13', '1421 Spenser Place', 'Saint-Avertin', 'profile_image_2.svg', '1aV4dQ', 2, 1, b'1', '2021-01-12'),
('mrosenstielmz', 'mrosenstielmz@pen.io', 'Marv', 'Rosenstiel', '2020-12-26', '636 Lighthouse Bay Parkway', 'Garahan', 'profile_image_2.svg', '25H3mCS', 2, 2, b'1', '2021-04-28'),
('mroystonqd', 'mroystonqd@blogtalkradio.com', 'Marget', 'Royston', '2020-11-20', '49494 Mayfield Crossing', 'Genova', 'profile_image_2.svg', '7qeQTpC', 2, 2, b'1', '2021-09-28'),
('msaichc2', 'msaichc2@blogtalkradio.com', 'Madelina', 'Saich', '2021-01-14', '19 Bartillon Way', 'Maayong Tubig', 'profile_image_2.svg', 'v2RLY1HAittU', 2, 2, b'1', '2021-01-28'),
('mserjent8s', 'mserjent8s@bing.com', 'Mina', 'Serjent', '2021-06-03', '512 American Ash Hill', 'Fernández', 'profile_image_2.svg', '5A9oNx7cjAQ', 2, 1, b'1', '2020-12-22'),
('mspellardkj', 'mspellardkj@census.gov', 'Moira', 'Spellard', '2021-02-14', '64 Sommers Avenue', 'Nāḩiyat Hīrān', 'profile_image_2.svg', 'MzMUxGpxkW6', 2, 1, b'1', '2021-03-15'),
('msquiresog', 'msquiresog@twitpic.com', 'Margret', 'Squires', '2021-10-08', '0 Fisk Alley', 'Shirbīn', 'profile_image_2.svg', 'k7M6JA', 2, 2, b'1', '2021-08-24'),
('mstoddartiz', 'mstoddartiz@weather.com', 'Maurita', 'Stoddart', '2021-01-04', '58 Fisk Avenue', 'Līvāni', 'profile_image_2.svg', 'NWnzWUOYtLir', 2, 2, b'1', '2020-10-30'),
('mstoppe8g', 'mstoppe8g@wordpress.com', 'Margarete', 'Stoppe', '2020-10-22', '28 Coolidge Point', 'Nacaome', 'profile_image_2.svg', 'YGLontJt4', 2, 2, b'1', '2021-08-22'),
('mstoyles7s', 'mstoyles7s@archive.org', 'Merissa', 'Stoyles', '2021-04-27', '0 Haas Crossing', 'Johanneshov', 'profile_image_2.svg', 'FlpZ7L', 2, 2, b'1', '2020-12-10'),
('msumptionbi', 'msumptionbi@arizona.edu', 'Miguela', 'Sumption', '2021-06-13', '3 Pine View Trail', 'Perho', 'profile_image_2.svg', 'gbIHGyb8kI', 2, 2, b'1', '2021-09-16'),
('mswetmoremf', 'mswetmoremf@samsung.com', 'Marget', 'Swetmore', '2021-02-19', '74175 Lillian Point', 'Brańsk', 'profile_image_2.svg', '1DTnlrh', 2, 2, b'1', '2021-06-21'),
('mtanslyny', 'mtanslyny@walmart.com', 'Mandy', 'Tansly', '2020-12-17', '88 Porter Trail', 'Pärnu', 'profile_image_2.svg', '6prCMN7', 2, 2, b'1', '2021-03-31'),
('mtatlockkx', 'mtatlockkx@omniture.com', 'Matti', 'Tatlock', '2021-02-15', '91613 Heffernan Park', 'Nyūzen', 'profile_image_2.svg', 'FaacwJS5', 2, 2, b'1', '2021-09-02'),
('mtedstone76', 'mtedstone76@weebly.com', 'Mellisa', 'Tedstone', '2021-09-19', '2 Westport Road', 'Bundoc', 'profile_image_2.svg', 'QSkqjNZyx', 2, 2, b'1', '2021-03-27'),
('mthemanno', 'mthemanno@webnode.com', 'Marnia', 'Themann', '2020-12-20', '199 Kedzie Pass', 'Bratslav', 'profile_image_2.svg', 'IvnFwt', 2, 2, b'1', '2021-05-30'),
('mthoro2', 'mthoro2@xinhuanet.com', 'Moreen', 'Thor', '2021-07-27', '049 Bluestem Road', 'Avdzaga', 'profile_image_2.svg', '5LkPYu', 2, 1, b'1', '2020-12-07'),
('mubsdellkb', 'mubsdellkb@canalblog.com', 'Maye', 'Ubsdell', '2021-09-06', '7633 Porter Pass', 'Vostochnyy', 'profile_image_2.svg', 'f3luHzW4f3g9', 2, 2, b'1', '2020-10-27'),
('mvowelln', 'mvowelln@indiegogo.com', 'Micki', 'Vowell', '2021-03-23', '02968 Columbus Terrace', 'Kongolo', 'profile_image_2.svg', 'crtL8CJYXRt', 2, 1, b'1', '2020-10-21'),
('mwakehamnr', 'mwakehamnr@zdnet.com', 'Marguerite', 'Wakeham', '2021-02-06', '825 Anhalt Pass', 'Privolzhskiy', 'profile_image_2.svg', 'pDy7D5OVi', 2, 2, b'1', '2021-07-12'),
('mwaterson9g', 'mwaterson9g@nih.gov', 'Michail', 'Waterson', '2021-01-12', '221 Marcy Terrace', 'General Luna', 'profile_image_2.svg', 'dQl2SPkBn', 2, 1, b'1', '2020-11-01'),
('mwengerhg', 'mwengerhg@walmart.com', 'Marchelle', 'Wenger', '2021-07-26', '4 Hollow Ridge Parkway', 'Niafunké', 'profile_image_2.svg', '4AXRM1YX6v', 2, 2, b'1', '2020-11-21'),
('mwhewayrq', 'mwhewayrq@sitemeter.com', 'Micheal', 'Wheway', '2021-05-19', '7691 Elka Trail', 'Pinggirsari', 'profile_image_2.svg', 'z1MBehPPtKgg', 2, 2, b'1', '2021-03-07'),
('mwyne2h', 'mwyne2h@webeden.co.uk', 'Micki', 'Wyne', '2021-08-16', '25302 Kennedy Circle', 'Narbonne', 'profile_image_2.svg', 'ge575g', 2, 2, b'1', '2021-09-28'),
('nabrahamianho', 'nabrahamianho@shareasale.com', 'Nancee', 'Abrahamian', '2021-02-11', '809 Kennedy Trail', 'Piggotts', 'profile_image_2.svg', 'MOhlUNpjWqk', 2, 2, b'1', '2021-10-01'),
('nblaylockil', 'nblaylockil@biglobe.ne.jp', 'Neila', 'Blaylock', '2021-04-05', '44468 Bartelt Lane', 'Salaya', 'profile_image_2.svg', 'pHjGvmEp3P', 2, 2, b'1', '2021-09-16'),
('nborrott36', 'nborrott36@nps.gov', 'Noelani', 'Borrott', '2020-12-06', '15619 School Terrace', 'Neópolis', 'profile_image_2.svg', 'XKyfP4HJZ', 2, 1, b'1', '2021-02-25'),
('nbrockhurstlc', 'nbrockhurstlc@si.edu', 'Natalya', 'Brockhurst', '2021-02-24', '1 Green Ridge Pass', 'Niños Heroes', 'profile_image_2.svg', 'Z1Je2E0Bx', 2, 2, b'1', '2021-05-04'),
('ncartmailas', 'ncartmailas@slashdot.org', 'Nataline', 'Cartmail', '2021-03-24', '30460 Ruskin Circle', 'Kladno', 'profile_image_2.svg', 'JYt9lt', 2, 1, b'1', '2020-12-10'),
('ncaulketp8', 'ncaulketp8@about.com', 'Niki', 'Caulket', '2021-07-31', '77236 Springview Terrace', 'Bariri', 'profile_image_2.svg', '7URfKt9gYtj', 2, 2, b'1', '2021-04-29'),
('nchartepf', 'nchartepf@timesonline.co.uk', 'Nathanil', 'Charte', '2021-01-08', '9 Pine View Crossing', 'Chuangwang', 'profile_image_2.svg', 'vUnyTJbe', 2, 1, b'1', '2021-10-08'),
('ncostellig', 'ncostellig@behance.net', 'Nicol', 'Costell', '2021-06-06', '9 Colorado Crossing', 'Hobo', 'profile_image_2.svg', '6wwqJTPibB5', 2, 2, b'1', '2021-02-10'),
('ncrichmerl', 'ncrichmerl@salon.com', 'Noe', 'Crichmer', '2021-02-25', '067 Maple Crossing', 'Chum Phae', 'profile_image_2.svg', 'Ik2cu7MS', 2, 1, b'1', '2021-06-18'),
('nflippencr', 'nflippencr@state.tx.us', 'Nissa', 'Flippen', '2021-09-27', '4 David Crossing', 'Luoping', 'profile_image_2.svg', 'YD1SDP4MRg', 2, 2, b'1', '2021-06-09'),
('nfluxi9', 'nfluxi9@i2i.jp', 'Nola', 'Flux', '2021-01-19', '92 Sutherland Point', 'Fundong', 'profile_image_2.svg', 'EN8u3IY5JAL9', 2, 1, b'1', '2021-07-24'),
('nfruchteroq', 'nfruchteroq@ifeng.com', 'Nanci', 'Fruchter', '2021-05-06', '05 Elka Circle', 'Dubreuil', 'profile_image_2.svg', 'NgZKH9U', 2, 2, b'1', '2020-12-24'),
('ngilliecj', 'ngilliecj@engadget.com', 'Noah', 'Gillie', '2020-10-15', '99253 2nd Trail', 'Bitung', 'profile_image_2.svg', '1tWR10', 2, 1, b'1', '2021-03-19'),
('nhaslewoodb5', 'nhaslewoodb5@ycombinator.com', 'Norman', 'Haslewood', '2021-08-27', '2 Coleman Way', 'Jiangshan', 'profile_image_2.svg', 'x5JmNdTus', 2, 2, b'1', '2021-04-10'),
('nhek6o', 'nhek6o@ed.gov', 'Norah', 'Hek', '2021-06-06', '28 Morning Point', 'Killumney', 'profile_image_2.svg', 'C8ktfyVZrrHr', 2, 1, b'1', '2020-10-27'),
('nhellwignl', 'nhellwignl@goodreads.com', 'Nicole', 'Hellwig', '2021-02-07', '9 Tony Way', 'San Agustín', 'profile_image_2.svg', 'TT46oQF', 2, 1, b'1', '2021-02-09'),
('nhiddsleygj', 'nhiddsleygj@sphinn.com', 'Nada', 'Hiddsley', '2020-11-09', '9466 Bunker Hill Road', 'Sanquan', 'profile_image_2.svg', 'dNO5Czb', 2, 2, b'1', '2021-09-05'),
('nkennawaydq', 'nkennawaydq@edublogs.org', 'Nealon', 'Kennaway', '2021-06-19', '3930 Rieder Point', 'Donglu', 'profile_image_2.svg', 'wC3b18A0n', 2, 1, b'1', '2021-04-10'),
('nklima25', 'nklima25@cpanel.net', 'Nelia', 'Klima', '2020-11-10', '236 Lakeland Park', 'Fermelã', 'profile_image_2.svg', 'P7sGbZn', 2, 1, b'1', '2021-06-02'),
('nkrop4q', 'nkrop4q@sohu.com', 'Neil', 'Krop', '2021-09-22', '9454 Ridgeview Avenue', 'Chengzi', 'profile_image_2.svg', 'ZYoaNtkCvir', 2, 1, b'1', '2021-03-04'),
('nlamploughgf', 'nlamploughgf@mail.ru', 'Nikki', 'Lamplough', '2021-06-28', '44 Sycamore Road', 'Nārāyanganj', 'profile_image_2.svg', 'hw9PwhaphS', 2, 2, b'1', '2021-04-05'),
('nleguaygs', 'nleguaygs@wisc.edu', 'Netty', 'Leguay', '2021-04-21', '35095 Pawling Hill', 'Grimstad', 'profile_image_2.svg', 'Uc20Gg', 2, 1, b'1', '2021-05-09'),
('nnorekd', 'nnorekd@ifeng.com', 'Nola', 'Nore', '2021-04-09', '120 Moose Junction', 'Malicboy', 'profile_image_2.svg', 'wSnAkoBKsoe', 2, 1, b'1', '2020-11-01'),
('npfaffe9f', 'npfaffe9f@cloudflare.com', 'Nicole', 'Pfaffe', '2021-02-11', '33 Loftsgordon Street', 'Calaba', 'profile_image_2.svg', 'M7yTCPGI', 2, 1, b'1', '2021-07-28'),
('npigott5t', 'npigott5t@theatlantic.com', 'Nicole', 'Pigott', '2021-01-09', '8 Heffernan Avenue', 'Parbatipur', 'profile_image_2.svg', 'YEfLUpIA', 2, 2, b'1', '2021-09-16'),
('nplowman45', 'nplowman45@acquirethisname.com', 'Ned', 'Plowman', '2021-01-21', '298 Hollow Ridge Avenue', 'Igurubi', 'profile_image_2.svg', 'HQ1O1XURUa', 2, 2, b'1', '2021-06-20'),
('npurkissab', 'npurkissab@boston.com', 'Norris', 'Purkiss', '2020-11-14', '56863 Melrose Court', 'Lions Bay', 'profile_image_2.svg', 'sBZirp3', 2, 2, b'1', '2021-07-03'),
('ntafte3', 'ntafte3@tripadvisor.com', 'Nappie', 'Taft', '2020-11-18', '687 Sycamore Parkway', 'Chechen-Aul', 'profile_image_2.svg', '6Q8adv2a', 2, 2, b'1', '2020-12-26'),
('ntatlockfi', 'ntatlockfi@washingtonpost.com', 'Nell', 'Tatlock', '2021-01-06', '8755 Maple Avenue', 'Gimcheon', 'profile_image_2.svg', 'ykL8dpshlN', 2, 1, b'1', '2021-03-21'),
('ntremlettnj', 'ntremlettnj@opera.com', 'Netti', 'Tremlett', '2021-02-02', '78 Independence Crossing', 'Salcedo', 'profile_image_2.svg', 'kEwN89Rm', 2, 1, b'1', '2021-04-02'),
('nvallendergz', 'nvallendergz@mysql.com', 'Nonie', 'Vallender', '2020-12-05', '8812 Muir Court', 'Rokytne', 'profile_image_2.svg', 'EkdGfxGk', 2, 1, b'1', '2021-09-04'),
('nwheeldonjx', 'nwheeldonjx@blogs.com', 'Novelia', 'Wheeldon', '2021-02-23', '1105 Cascade Avenue', 'Sujiatun', 'profile_image_2.svg', 'jFAdJRO', 2, 2, b'1', '2021-07-22'),
('obriggsrd', 'obriggsrd@mediafire.com', 'Obie', 'Briggs', '2020-12-08', '725 Norway Maple Crossing', 'Coalaque', 'profile_image_2.svg', 'uLmGHaf', 2, 2, b'1', '2021-01-05'),
('ocelierer', 'ocelierer@sbwire.com', 'Obed', 'Celier', '2021-06-23', '124 Gerald Parkway', 'Fushan', 'profile_image_2.svg', 'gRphVWfw8', 2, 2, b'1', '2020-12-16'),
('ocleftp3', 'ocleftp3@abc.net.au', 'Omar', 'Cleft', '2021-06-08', '269 Holmberg Junction', 'Xicheng', 'profile_image_2.svg', 'g3vnUattE', 2, 2, b'1', '2021-02-09'),
('ogouldstoneis', 'ogouldstoneis@cornell.edu', 'Ofilia', 'Gouldstone', '2021-05-04', '77221 Bonner Center', 'Garunggang', 'profile_image_2.svg', 'uU9YK5a0', 2, 1, b'1', '2020-12-06'),
('ogrigorkin4a', 'ogrigorkin4a@tamu.edu', 'Octavia', 'Grigorkin', '2021-05-16', '57956 Westport Alley', 'Surkhet', 'profile_image_2.svg', 'x7tv6QIw6G4u', 2, 1, b'1', '2021-06-22'),
('oguitton9w', 'oguitton9w@nih.gov', 'Ody', 'Guitton', '2021-09-18', '086 Elka Junction', 'Sohag', 'profile_image_2.svg', 'lxP2DybI', 2, 2, b'1', '2021-07-01'),
('omullarkeyr8', 'omullarkeyr8@live.com', 'Orbadiah', 'Mullarkey', '2021-04-14', '0 Prairieview Center', 'Mauloo', 'profile_image_2.svg', 'kXdcQ1Thrpi', 2, 2, b'1', '2020-11-13'),
('opalatinicv', 'opalatinicv@godaddy.com', 'Ody', 'Palatini', '2021-02-18', '68 Norway Maple Hill', 'Capas', 'profile_image_2.svg', 'j7udEYcbcd', 2, 1, b'1', '2021-06-09'),
('opharrowdi', 'opharrowdi@wufoo.com', 'Ody', 'Pharrow', '2021-08-18', '5704 Melrose Alley', 'Guzhan', 'profile_image_2.svg', '8JEVi5Wg', 2, 1, b'1', '2021-06-25'),
('oroseka', 'oroseka@csmonitor.com', 'Osbourn', 'Rose', '2021-02-16', '87 Eagan Point', 'Makabe', 'profile_image_2.svg', 'G9XDQdehAi6U', 2, 2, b'1', '2021-09-13'),
('osnazleef', 'osnazleef@google.com.br', 'Ondrea', 'Snazle', '2021-02-26', '6203 Lindbergh Place', 'Kalabahi', 'profile_image_2.svg', 'EycHr4F', 2, 2, b'1', '2020-12-24'),
('owayvillg0', 'owayvillg0@godaddy.com', 'Othella', 'Wayvill', '2020-12-09', '2 Fair Oaks Plaza', 'Xianju', 'profile_image_2.svg', '84CNSTEtHEB', 2, 1, b'1', '2021-04-19'),
('oyonjs', 'oyonjs@webeden.co.uk', 'Othella', 'Yon', '2021-10-07', '806 Golf Avenue', 'Kiukainen', 'profile_image_2.svg', 'TLELgYqlzlzi', 2, 2, b'1', '2021-01-16'),
('palfonzoqy', 'palfonzoqy@nifty.com', 'Penny', 'Alfonzo', '2021-07-03', '55828 Oneill Lane', 'Nguluhan', 'profile_image_2.svg', 'nDToI4ZLlvBT', 2, 1, b'1', '2021-08-25'),
('pambroisin1q', 'pambroisin1q@opera.com', 'Pammi', 'Ambroisin', '2021-03-30', '32940 Redwing Center', 'Jiangcun', 'profile_image_2.svg', 'rHgygEw8', 2, 2, b'1', '2021-09-08'),
('pbarde21', 'pbarde21@mlb.com', 'Padget', 'Barde', '2020-10-29', '128 Dwight Hill', 'Badou', 'profile_image_2.svg', 'pPl8yTIeJR', 2, 1, b'1', '2021-03-03'),
('pberthotjj', 'pberthotjj@craigslist.org', 'Philomena', 'Berthot', '2021-07-21', '35008 Esch Trail', 'Bianzhuang', 'profile_image_2.svg', '2nT4Ff9mFHta', 2, 1, b'1', '2020-12-30'),
('pbottermanol', 'pbottermanol@wix.com', 'Pietro', 'Botterman', '2021-02-28', '6 Monterey Parkway', 'Sinamar', 'profile_image_2.svg', 'oBrDJW4LL7v', 2, 1, b'1', '2020-10-25'),
('pcoppinsm', 'pcoppinsm@amazon.co.uk', 'Pinchas', 'Coppins', '2021-07-25', '26 Lotheville Junction', 'Parajara', 'profile_image_2.svg', '1yhuJGxM', 2, 2, b'1', '2021-02-16'),
('pcrawford7y', 'pcrawford7y@domainmarket.com', 'Philippa', 'Crawford', '2021-03-09', '3 Sauthoff Junction', 'Oskarshamn', 'profile_image_2.svg', 'jokXke', 2, 2, b'1', '2020-11-26'),
('pdelamar5g', 'pdelamar5g@dedecms.com', 'Pat', 'Delamar', '2020-11-04', '9 Crowley Plaza', 'Shanggu', 'profile_image_2.svg', '7FhhPANoVim', 2, 1, b'1', '2021-08-29'),
('pdivis7c', 'pdivis7c@economist.com', 'Petey', 'Divis', '2021-08-12', '2125 Vahlen Center', 'San Carlos', 'profile_image_2.svg', 'RMddAiI', 2, 2, b'1', '2021-10-11'),
('peamesl5', 'peamesl5@addthis.com', 'Pansy', 'Eames', '2021-06-30', '5 Rieder Hill', 'Saint-Herblain', 'profile_image_2.svg', 'Sj6lN4ZWVyP', 2, 1, b'1', '2021-01-28'),
('phoffmannpi', 'phoffmannpi@nih.gov', 'Porty', 'Hoffmann', '2021-08-30', '11242 Armistice Street', 'Debrecen', 'profile_image_2.svg', 'YVjIuyChUlq', 2, 1, b'1', '2021-07-11'),
('piiannoniiy', 'piiannoniiy@twitpic.com', 'Pail', 'Iiannoni', '2021-09-12', '1 Ramsey Junction', 'Shreveport', 'profile_image_2.svg', 'IjnOGR', 2, 1, b'1', '2021-05-06'),
('pislesie', 'pislesie@goodreads.com', 'Pamelina', 'Isles', '2021-09-14', '491 Hoard Court', 'Presidente Dutra', 'profile_image_2.svg', 'm6rcBS', 2, 2, b'1', '2021-05-25'),
('pkneebonep0', 'pkneebonep0@vkontakte.ru', 'Pen', 'Kneebone', '2021-04-20', '0 Oakridge Alley', 'Biryulëvo', 'profile_image_2.svg', 'Ls201n3U', 2, 1, b'1', '2021-01-10'),
('plalor98', 'plalor98@topsy.com', 'Perl', 'Lalor', '2020-12-05', '669 Waxwing Road', 'Ganjiangtou', 'profile_image_2.svg', 'IsYuQtdIj', 2, 1, b'1', '2021-07-23'),
('plipsett12', 'plipsett12@domainmarket.com', 'Pauli', 'Lipsett', '2021-07-16', '76510 Pond Point', 'Niquinohomo', 'profile_image_2.svg', '6DvP9Z', 2, 1, b'1', '2021-10-12'),
('pmathelin69', 'pmathelin69@google.it', 'Penelope', 'Mathelin', '2021-07-11', '1090 La Follette Terrace', 'Tucupido', 'profile_image_2.svg', 'aQCfMlE', 2, 1, b'1', '2021-06-24'),
('pmeyerf0', 'pmeyerf0@behance.net', 'Paolo', 'Meyer', '2020-11-27', '23 Armistice Place', 'Madrid', 'profile_image_2.svg', 'hUkuiPMt', 2, 1, b'1', '2021-05-31'),
('pocridiganb4', 'pocridiganb4@earthlink.net', 'Penrod', 'O\'Cridigan', '2021-10-06', '63 Parkside Drive', 'Lazarat', 'profile_image_2.svg', '64lxmeq', 2, 2, b'1', '2020-12-27'),
('ppinahf', 'ppinahf@chicagotribune.com', 'Paquito', 'Pina', '2021-10-08', '5 Schurz Plaza', 'Aldeia do Bispo', 'profile_image_2.svg', 'zLrX7Gk9T', 2, 1, b'1', '2021-10-05'),
('pponsford9t', 'pponsford9t@creativecommons.org', 'Purcell', 'Ponsford', '2021-05-20', '54370 Elka Park', 'Ōita', 'profile_image_2.svg', 'IvhUVfsk', 2, 2, b'1', '2021-03-19'),
('predwoodd2', 'predwoodd2@ow.ly', 'Piotr', 'Redwood', '2021-06-26', '042 Thompson Plaza', 'Carrascal', 'profile_image_2.svg', 'yyiRmP', 2, 2, b'1', '2021-07-20'),
('pskene5', 'pskene5@ebay.com', 'Penni', 'Skene', '2020-12-21', '4519 Spohn Center', 'Corumbá', 'profile_image_2.svg', 'NQHDv3S0a', 2, 1, b'1', '2021-05-15'),
('ptremblettdy', 'ptremblettdy@zdnet.com', 'Petronia', 'Tremblett', '2020-11-24', '43183 Rowland Alley', 'Laventille', 'profile_image_2.svg', 'Eohrq2YTivS', 2, 1, b'1', '2021-07-30'),
('ptremmil9a', 'ptremmil9a@weebly.com', 'Peirce', 'Tremmil', '2021-05-15', '5085 Steensland Road', 'Jasienica Rosielna', 'profile_image_2.svg', 'Wtl5Uyil2C', 2, 2, b'1', '2020-12-07'),
('pwitheridgeet', 'pwitheridgeet@statcounter.com', 'Pieter', 'Witheridge', '2021-03-09', '8 Harbort Road', 'Loikaw', 'profile_image_2.svg', '7Hdkpmq5ZJ', 2, 2, b'1', '2021-04-30'),
('qchilcottr5', 'qchilcottr5@sphinn.com', 'Quinta', 'Chilcott', '2021-02-20', '4048 Lotheville Pass', 'Maluko', 'profile_image_2.svg', '4r6eRt', 2, 1, b'1', '2020-10-16'),
('qdeanebw', 'qdeanebw@senate.gov', 'Quinn', 'Deane', '2021-09-15', '50 Shopko Junction', 'Denver', 'profile_image_2.svg', 'qF6M5Tx', 2, 2, b'1', '2021-05-26'),
('qthebeaugw', 'qthebeaugw@state.tx.us', 'Quintana', 'Thebeau', '2021-07-09', '0388 Rockefeller Drive', 'Växjö', 'profile_image_2.svg', 'Idks3Q8CGyRy', 2, 2, b'1', '2021-08-13'),
('qweedonbr', 'qweedonbr@sitemeter.com', 'Quincey', 'Weedon', '2020-12-05', '37 Duke Place', 'Wissembourg', 'profile_image_2.svg', '3ObdKTxUY', 2, 1, b'1', '2021-01-31'),
('radamthwaitey', 'radamthwaitey@ustream.tv', 'Randall', 'Adamthwaite', '2021-07-28', '08 Meadow Ridge Parkway', 'Nogliki', 'profile_image_2.svg', 'Z3nwRsHnqF9s', 2, 1, b'1', '2020-12-21'),
('raldenk2', 'raldenk2@redcross.org', 'Rem', 'Alden', '2020-10-25', '2 Badeau Crossing', 'Yanguan', 'profile_image_2.svg', '7X7IrcDyk', 2, 1, b'1', '2021-05-03'),
('raylwardai', 'raylwardai@sciencedirect.com', 'Ruthy', 'Aylward', '2020-10-31', '87 Briar Crest Park', 'Donggong', 'profile_image_2.svg', 'VkERMjBjzDZ', 2, 1, b'1', '2021-10-08'),
('rbaldocknc', 'rbaldocknc@vk.com', 'Roby', 'Baldock', '2021-09-10', '525 Dryden Terrace', 'Belfast', 'profile_image_2.svg', 'AvReJweJXQvw', 2, 2, b'1', '2020-11-28'),
('rbarten4c', 'rbarten4c@photobucket.com', 'Roma', 'Barten', '2021-03-25', '08 Utah Way', 'Quma', 'profile_image_2.svg', 'zFbiQcVa', 2, 2, b'1', '2021-09-30'),
('rbasire15', 'rbasire15@canalblog.com', 'Rube', 'Basire', '2021-05-10', '6098 Scofield Trail', 'Shengmi', 'profile_image_2.svg', 'U0lyKpYIK', 2, 1, b'1', '2021-02-02'),
('rbaterl7', 'rbaterl7@unicef.org', 'Reeta', 'Bater', '2021-09-15', '07 Havey Pass', 'Sandwīp', 'profile_image_2.svg', 'OXmiXVFCTq7', 2, 2, b'1', '2021-07-26'),
('rbenech2z', 'rbenech2z@narod.ru', 'Rodolfo', 'Benech', '2021-02-25', '4 Farragut Crossing', 'Kota Kinabalu', 'profile_image_2.svg', 'wDGzBg6k', 2, 1, b'1', '2020-10-30'),
('rboobyerky', 'rboobyerky@nba.com', 'Rubia', 'Boobyer', '2021-03-29', '5808 Annamark Road', 'Älvsbyn', 'profile_image_2.svg', 'T59o1JyC', 2, 2, b'1', '2021-05-04'),
('rbrankleydu', 'rbrankleydu@nih.gov', 'Raychel', 'Brankley', '2020-12-28', '85636 East Road', 'Ciyun', 'profile_image_2.svg', '0P2fnP', 2, 2, b'1', '2021-06-10'),
('rcadremangn', 'rcadremangn@seattletimes.com', 'Rubetta', 'Cadreman', '2021-08-23', '72 Katie Trail', 'Belas', 'profile_image_2.svg', '8xNy0K82', 2, 2, b'1', '2021-01-26'),
('rchallinori', 'rchallinori@gnu.org', 'Rollo', 'Challinor', '2021-08-10', '866 Farmco Lane', 'Lorena', 'profile_image_2.svg', 'Tk8SiboPvGPd', 2, 2, b'1', '2021-04-11'),
('rcondliffej9', 'rcondliffej9@cnn.com', 'Rudolph', 'Condliffe', '2021-02-18', '508 Lakewood Drive', 'Częstochowa', 'profile_image_2.svg', '29cy5hx', 2, 1, b'1', '2021-06-23'),
('rcornfordfp', 'rcornfordfp@army.mil', 'Rhiamon', 'Cornford', '2021-09-16', '454 David Road', 'Barkā’', 'profile_image_2.svg', 'mV8CsXgDA', 2, 1, b'1', '2021-02-26'),
('rdightonbf', 'rdightonbf@gmpg.org', 'Robbin', 'Dighton', '2021-08-08', '6 Commercial Court', 'Maticmatic', 'profile_image_2.svg', 'jqfdc0', 2, 2, b'1', '2021-07-29'),
('rdowningfw', 'rdowningfw@ihg.com', 'Randolf', 'Downing', '2021-08-08', '945 Forest Center', 'Raszowa', 'profile_image_2.svg', 'T9uHwTVgV', 2, 1, b'1', '2021-02-25'),
('rducarnebb', 'rducarnebb@infoseek.co.jp', 'Rabbi', 'Ducarne', '2021-01-18', '0 Bay Road', 'Culacling', 'profile_image_2.svg', 'TFfhJF5Wkt', 2, 2, b'1', '2021-04-21'),
('rfilchaginq', 'rfilchaginq@chronoengine.com', 'Rafaelita', 'Filchagin', '2021-05-15', '477 Lunder Alley', 'Yongtai', 'profile_image_2.svg', 'EYeaiHT', 2, 1, b'1', '2021-04-29'),
('rillstona', 'rillstona@wikia.com', 'Rubi', 'Illston', '2020-10-17', '002 Ryan Park', 'Xinmin', 'profile_image_2.svg', '0KgQyP', 2, 2, b'1', '2021-02-06'),
('rjebb7p', 'rjebb7p@telegraph.co.uk', 'Rodney', 'Jebb', '2021-08-24', '39 Pankratz Court', 'Ilongero', 'profile_image_2.svg', 'hcTr0n', 2, 2, b'1', '2021-06-01'),
('rklainap', 'rklainap@biblegateway.com', 'Rorke', 'Klain', '2021-07-21', '8909 Dexter Trail', 'Boden', 'profile_image_2.svg', '1cTE9g', 2, 2, b'1', '2021-04-05'),
('rlintotad', 'rlintotad@marketwatch.com', 'Ram', 'Lintot', '2020-11-20', '8462 6th Junction', 'Białołeka', 'profile_image_2.svg', 'auhRKUN7', 2, 2, b'1', '2021-08-03'),
('rmacalpine32', 'rmacalpine32@theglobeandmail.com', 'Randy', 'MacAlpine', '2021-05-29', '50 Saint Paul Lane', 'Shawnee Mission', 'profile_image_2.svg', 'bX3Awi', 2, 1, b'1', '2020-11-22'),
('rmackieson2y', 'rmackieson2y@webs.com', 'Reggis', 'Mackieson', '2021-02-19', '7 Victoria Way', 'Buraen', 'profile_image_2.svg', 'rCXjV9SBst8', 2, 2, b'1', '2020-11-19'),
('rmallabar6j', 'rmallabar6j@stumbleupon.com', 'Rudd', 'Mallabar', '2021-08-20', '9228 Meadow Valley Park', 'Leipsoí', 'profile_image_2.svg', 'sLVVdDGY1', 2, 2, b'1', '2021-02-04'),
('rmandellno', 'rmandellno@oaic.gov.au', 'Raquela', 'Mandell', '2021-08-05', '99 Esker Trail', 'Östersund', 'profile_image_2.svg', 'gYL2BX', 2, 2, b'1', '2021-02-01'),
('rmichemx', 'rmichemx@cbsnews.com', 'Rasla', 'Miche', '2021-08-06', '16972 East Pass', 'Kiamba', 'profile_image_2.svg', 'QNWjeQ41', 2, 2, b'1', '2021-05-12'),
('rmuckersieq6', 'rmuckersieq6@wiley.com', 'Rebekkah', 'Muckersie', '2021-05-07', '384 Waxwing Avenue', 'Baitouli', 'profile_image_2.svg', 'fLBK74O', 2, 1, b'1', '2021-04-19'),
('rneelyiv', 'rneelyiv@hhs.gov', 'Reube', 'Neely', '2021-05-04', '5 Warner Street', 'Archis', 'profile_image_2.svg', 'OnF6YzVqwA', 2, 1, b'1', '2020-12-14'),
('rpikett4j', 'rpikett4j@zimbio.com', 'Russell', 'Pikett', '2021-03-27', '87768 6th Junction', 'Guancheng', 'profile_image_2.svg', '6H4cLrpkTuG', 2, 1, b'1', '2021-04-08'),
('rpratte37', 'rpratte37@abc.net.au', 'Rudolph', 'Pratte', '2020-10-19', '369 Debs Point', 'Murganhal', 'profile_image_2.svg', 'yMQde4Ka5Upn', 2, 2, b'1', '2021-06-23'),
('rredwingnd', 'rredwingnd@imgur.com', 'Redd', 'Redwing', '2021-08-06', '2 Green Ridge Street', 'Indulang', 'profile_image_2.svg', 'UJrGmV8BpS', 2, 1, b'1', '2021-07-26'),
('rrippon2c', 'rrippon2c@dmoz.org', 'Romola', 'Rippon', '2020-11-13', '1156 Holmberg Lane', 'Cầu Giát', 'profile_image_2.svg', 'QZSQSo', 2, 1, b'1', '2021-03-09'),
('rrivalandnq', 'rrivalandnq@amazon.co.jp', 'Rolland', 'Rivaland', '2020-11-18', '34215 Brown Point', 'Curitiba', 'profile_image_2.svg', 'P3WFM7Q3Qh8B', 2, 1, b'1', '2021-09-16'),
('rschollerhy', 'rschollerhy@tinyurl.com', 'Rutger', 'Scholler', '2021-06-29', '6641 Mallory Place', 'Samur', 'profile_image_2.svg', 'GdmAyG2L', 2, 1, b'1', '2021-06-12'),
('rshirtliff86', 'rshirtliff86@comsenz.com', 'Rochester', 'Shirtliff', '2021-05-22', '4 Texas Avenue', 'Aduo', 'profile_image_2.svg', 'NaVcOhfT9xGy', 2, 2, b'1', '2021-05-04'),
('rstanmangc', 'rstanmangc@walmart.com', 'Rog', 'Stanman', '2021-05-13', '187 Buena Vista Street', 'Sapporo', 'profile_image_2.svg', 'Wm0gL0nP9', 2, 1, b'1', '2021-09-11'),
('rsturte4', 'rsturte4@trellian.com', 'Rachelle', 'Sturte', '2021-03-05', '848 Kings Crossing', 'Kropachëvo', 'profile_image_2.svg', 'UfH7uJOnxZC', 2, 2, b'1', '2020-11-22'),
('rtolchardeim', 'rtolchardeim@addtoany.com', 'Reynold', 'Tolcharde', '2021-05-22', '594 Duke Circle', 'Pontevedra', 'profile_image_2.svg', 't1CyF2K', 2, 1, b'1', '2021-02-19'),
('rtoolin7w', 'rtoolin7w@deliciousdays.com', 'Reba', 'Toolin', '2021-09-03', '887 Sachs Plaza', 'Gambaru', 'profile_image_2.svg', 'fWdiqF6oF', 2, 1, b'1', '2021-09-23'),
('rvanschafflaerf', 'rvanschafflaerfh@skype.com', 'Rodrick', 'Van Schafflaer', '2021-07-24', '2142 Truax Terrace', 'Ursynów', 'profile_image_2.svg', 'G7PSLC', 2, 1, b'1', '2021-08-27'),
('rvizorae', 'rvizorae@joomla.org', 'Rowena', 'Vizor', '2021-09-05', '98 Melby Court', 'Asemanis', 'profile_image_2.svg', 'CjMLhQCzB', 2, 2, b'1', '2021-04-12'),
('saddamscd', 'saddamscd@reference.com', 'Sidoney', 'Addams', '2021-03-24', '6 Nancy Pass', 'Kidal', 'profile_image_2.svg', 'cFEHfFu5Sq', 2, 1, b'1', '2021-05-01'),
('sasaafcm', 'sasaafcm@wiley.com', 'Saba', 'Asaaf', '2021-05-18', '196 Marquette Avenue', 'Ganta', 'profile_image_2.svg', 'oRpON5zTtE', 2, 1, b'1', '2020-11-16'),
('saujouanet2a', 'saujouanet2a@nih.gov', 'Sib', 'Aujouanet', '2021-06-07', '0615 Lillian Center', 'Skołyszyn', 'profile_image_2.svg', 'kAvphJ', 2, 2, b'1', '2021-05-11'),
('sbagott8', 'sbagott8@quantcast.com', 'Shirlene', 'Bagott', '2021-08-05', '750 West Pass', 'Sirib', 'profile_image_2.svg', 'mDyaNpdQ', 2, 1, b'1', '2020-12-27'),
('sbattellpw', 'sbattellpw@skyrock.com', 'Stormy', 'Battell', '2021-02-06', '76 Menomonie Crossing', 'Dongmafang', 'profile_image_2.svg', 'yaV02dqevi', 2, 2, b'1', '2021-03-15'),
('sberrisfordpc', 'sberrisfordpc@comcast.net', 'Shelia', 'Berrisford', '2021-08-09', '516 Hazelcrest Plaza', 'Baopukang', 'profile_image_2.svg', 'bpkGQovF', 2, 2, b'1', '2020-11-07'),
('sbowlleri0', 'sbowlleri0@google.com.br', 'Sherill', 'Bowller', '2021-05-29', '4 Thackeray Street', 'Geser', 'profile_image_2.svg', '9tzxpG9Wzq', 2, 1, b'1', '2021-01-03'),
('scleevei8', 'scleevei8@latimes.com', 'Stormie', 'Cleeve', '2021-01-28', '31 Elka Way', 'Chunxi', 'profile_image_2.svg', 'qfXAlz4mDWI', 2, 2, b'1', '2021-09-21'),
('sdalesco8z', 'sdalesco8z@photobucket.com', 'Shannah', 'D\'Alesco', '2021-06-17', '40907 Ryan Parkway', 'Mūsá Qal‘ah', 'profile_image_2.svg', 'LXGvvQtxZD8P', 2, 1, b'1', '2021-05-06'),
('sdownea4', 'sdownea4@twitpic.com', 'Sherry', 'Downe', '2021-09-02', '63221 Melvin Hill', 'San Fernando Apure', 'profile_image_2.svg', 'zMz3K62YQ1t', 2, 1, b'1', '2021-09-19'),
('sduffilli4', 'sduffilli4@dropbox.com', 'Skipper', 'Duffill', '2021-06-02', '90094 Division Circle', 'Benito Juarez', 'profile_image_2.svg', 'XuhxEKwTqGy1', 2, 1, b'1', '2021-07-24'),
('sdurtnelh5', 'sdurtnelh5@skyrock.com', 'Shelagh', 'Durtnel', '2021-02-24', '4 Prairieview Plaza', 'Bipolo', 'profile_image_2.svg', 'X9Xwn2Hh', 2, 1, b'1', '2021-06-21'),
('sgaffoneb', 'sgaffoneb@mozilla.org', 'Shermie', 'Gaffon', '2021-04-03', '62987 Butternut Crossing', 'Kultuk', 'profile_image_2.svg', 'lVx8vlC', 2, 2, b'1', '2021-07-20'),
('sgoulder4m', 'sgoulder4m@howstuffworks.com', 'Samantha', 'Goulder', '2021-08-11', '165 Forest Court', 'Bagjasari', 'profile_image_2.svg', '5M1lnu3yHf', 2, 2, b'1', '2021-09-26'),
('sgringleya2', 'sgringleya2@gmpg.org', 'Seymour', 'Gringley', '2021-08-15', '1090 Tennessee Parkway', 'Bayt Sīrā', 'profile_image_2.svg', 'Jvph8xPrX8', 2, 2, b'1', '2021-02-16'),
('shalfpennyd5', 'shalfpennyd5@ifeng.com', 'Sergeant', 'Halfpenny', '2021-03-08', '859 Nancy Pass', 'Sangju', 'profile_image_2.svg', 'OrZmdYh', 2, 2, b'1', '2021-03-16'),
('shaylands94', 'shaylands94@nytimes.com', 'Stern', 'Haylands', '2021-01-25', '80780 Dwight Circle', 'San Diego', 'profile_image_2.svg', 'A6hHTi', 2, 1, b'1', '2021-01-24'),
('shewlingsrf', 'shewlingsrf@google.cn', 'Sarge', 'Hewlings', '2021-03-01', '5224 Cardinal Way', 'Jiḩānah', 'profile_image_2.svg', 'xOIdnSDte3ob', 2, 2, b'1', '2020-11-05'),
('shovendenlx', 'shovendenlx@goo.gl', 'Susi', 'Hovenden', '2021-02-05', '0866 Warrior Pass', 'Tegalheras', 'profile_image_2.svg', 'US8Fvh1', 2, 1, b'1', '2021-01-31'),
('shulattp7', 'shulattp7@123-reg.co.uk', 'Skelly', 'Hulatt', '2021-05-22', '132 Elmside Junction', 'Demba', 'profile_image_2.svg', 'fjNJeR8GM2kf', 2, 2, b'1', '2021-04-11');
INSERT INTO `users` (`username`, `email`, `name`, `surname`, `nacimiento`, `direccion`, `localidad`, `profile`, `password`, `rol`, `gen`, `isProminent`, `created_at`) VALUES
('shurll2w', 'shurll2w@dyndns.org', 'Sterne', 'Hurll', '2021-07-25', '4425 Surrey Center', 'Vorob’yovo', 'profile_image_2.svg', 'hPRfWbzQ', 2, 2, b'1', '2021-04-02'),
('sjessopej8', 'sjessopej8@ox.ac.uk', 'Sampson', 'Jessope', '2021-10-05', '66720 Derek Terrace', 'Hongshan', 'profile_image_2.svg', 'X1NUYukCX', 2, 2, b'1', '2021-06-05'),
('skalbererd3', 'skalbererd3@unblog.fr', 'Susie', 'Kalberer', '2021-08-18', '82 Bobwhite Drive', 'Espírito Santo do Pi', 'profile_image_2.svg', '7jyjVoOr8', 2, 2, b'1', '2021-08-25'),
('skennetj4', 'skennetj4@ezinearticles.com', 'Silvia', 'Kennet', '2020-12-08', '0417 Chive Trail', 'Tambakan', 'profile_image_2.svg', 'AvdSJwjvKU', 2, 1, b'1', '2021-09-15'),
('slezemore8u', 'slezemore8u@ehow.com', 'Shandy', 'Lezemore', '2021-04-26', '1071 Haas Alley', 'Nieuw Nickerie', 'profile_image_2.svg', '9QgdlyF0Qh', 2, 1, b'1', '2021-01-29'),
('slusgdinjl', 'slusgdinjl@i2i.jp', 'Sampson', 'Lusgdin', '2021-02-02', '669 Riverside Point', 'Loughrea', 'profile_image_2.svg', 'oVMINCykTu2Y', 2, 1, b'1', '2021-02-07'),
('smaccague3b', 'smaccague3b@ovh.net', 'Sherlock', 'MacCague', '2021-07-27', '6 Dorton Avenue', 'Qingtong', 'profile_image_2.svg', 'gAHNSQBFoOR', 2, 1, b'1', '2020-12-26'),
('smacmechanc6', 'smacmechanc6@ebay.co.uk', 'Steffane', 'MacMechan', '2020-10-24', '67 Petterle Road', 'Kapsan-ŭp', 'profile_image_2.svg', 'FhUNMTHQ', 2, 2, b'1', '2021-09-23'),
('smandrakeqw', 'smandrakeqw@paginegialle.it', 'Sheila', 'Mandrake', '2020-11-11', '84 Glendale Center', 'Donggou', 'profile_image_2.svg', 'AIh9nsPDfDS', 2, 1, b'1', '2021-02-06'),
('smantripp7x', 'smantripp7x@harvard.edu', 'Sylvan', 'Mantripp', '2020-12-28', '38199 Larry Street', 'Sanchahe', 'profile_image_2.svg', 'BdlnaUPW', 2, 1, b'1', '2021-08-21'),
('smcorkild6', 'smcorkild6@hp.com', 'Shaughn', 'McOrkil', '2020-10-13', '27653 7th Alley', 'Valleymount', 'profile_image_2.svg', 'PEXdMXF', 2, 1, b'1', '2021-05-03'),
('smicahg1', 'smicahg1@odnoklassniki.ru', 'Skipper', 'Micah', '2021-02-03', '6 Mccormick Trail', 'Cikuya', 'profile_image_2.svg', 'hJVHwy2Dwa', 2, 2, b'1', '2020-11-27'),
('snewborncp', 'snewborncp@aboutads.info', 'Sutherlan', 'Newborn', '2021-05-27', '199 Myrtle Pass', 'Mońki', 'profile_image_2.svg', 'tVnywaApe', 2, 2, b'1', '2021-01-01'),
('snorvell9k', 'snorvell9k@china.com.cn', 'Sherwynd', 'Norvell', '2021-09-23', '763 Swallow Place', 'Patos', 'profile_image_2.svg', 'k8hx1KlHGPl', 2, 1, b'1', '2021-05-15'),
('sodunniomfj', 'sodunniomfj@buzzfeed.com', 'Shea', 'O\'Dunniom', '2021-05-10', '545 Haas Crossing', 'Gaoqiu', 'profile_image_2.svg', 'Fupk2wb', 2, 2, b'1', '2020-10-22'),
('soxborrow7n', 'soxborrow7n@vimeo.com', 'Sandye', 'Oxborrow', '2021-01-12', '44427 Dawn Center', 'Sel’tso', 'profile_image_2.svg', 'CgJIo1N3', 2, 2, b'1', '2021-07-04'),
('spenddrethko', 'spenddrethko@google.co.uk', 'Stephanus', 'Penddreth', '2021-07-17', '00 Lake View Alley', 'Bécancour', 'profile_image_2.svg', 'QyZhEUuHFX', 2, 2, b'1', '2021-09-10'),
('sricardin6n', 'sricardin6n@blinklist.com', 'Shantee', 'Ricardin', '2021-03-14', '72 Sugar Park', 'Zhoupu', 'profile_image_2.svg', '5DWxT9VCiP', 2, 2, b'1', '2021-05-14'),
('srichmondp9', 'srichmondp9@paypal.com', 'Sheba', 'Richmond', '2021-03-18', '197 Banding Junction', 'Cikabuyutan Barat', 'profile_image_2.svg', 'XWlvO5p', 2, 2, b'1', '2021-07-07'),
('sroebyg4', 'sroebyg4@wisc.edu', 'Sandie', 'Roeby', '2021-01-13', '592 Prentice Crossing', 'Jacareí', 'profile_image_2.svg', 'Yyo2eYCh5g', 2, 1, b'1', '2021-04-07'),
('srowbottampv', 'srowbottampv@ft.com', 'Sayre', 'Rowbottam', '2021-06-04', '13236 Clemons Park', 'Amparafaravola', 'profile_image_2.svg', 'z574XVp1MEm', 2, 2, b'1', '2021-09-04'),
('srubrakc', 'srubrakc@cnn.com', 'Sherye', 'Rubra', '2020-12-08', '36 Melody Avenue', 'Roi Et', 'profile_image_2.svg', '7fWSMEBbiO', 2, 1, b'1', '2020-12-29'),
('sscherermj', 'sscherermj@reuters.com', 'Sylvan', 'Scherer', '2021-09-02', '9 American Ash Trail', 'Kamirenjaku', 'profile_image_2.svg', 'zp7eBBwzases', 2, 2, b'1', '2021-01-09'),
('sschuelcke79', 'sschuelcke79@japanpost.jp', 'Selma', 'Schuelcke', '2021-01-21', '0961 Express Avenue', 'Ronneby', 'profile_image_2.svg', 'oePC0fCOdFg', 2, 1, b'1', '2021-03-18'),
('sseally6i', 'sseally6i@amazonaws.com', 'Stacee', 'Seally', '2021-02-24', '6074 Hanson Crossing', 'Guebwiller', 'profile_image_2.svg', 'Sdye0mvtwG', 2, 1, b'1', '2021-05-31'),
('ssebringfn', 'ssebringfn@washington.edu', 'Sarah', 'Sebring', '2021-06-01', '454 Kensington Point', 'Liure', 'profile_image_2.svg', 'XfFSh51Trc6', 2, 2, b'1', '2021-10-02'),
('sstation5f', 'sstation5f@github.io', 'Selma', 'Station', '2020-11-17', '8 Corscot Point', 'Beška', 'profile_image_2.svg', 'M0wOh2jo4', 2, 1, b'1', '2021-03-23'),
('sstockleypb', 'sstockleypb@xing.com', 'Stormy', 'Stockley', '2021-06-02', '7024 Monterey Road', 'Nevel’', 'profile_image_2.svg', 'KTylpsb3V', 2, 1, b'1', '2020-12-15'),
('ssuterrl', 'ssuterrl@webs.com', 'Sena', 'Suter', '2021-07-26', '839 Erie Lane', 'Xinpu', 'profile_image_2.svg', 'YZFeFuDID', 2, 2, b'1', '2021-04-08'),
('steaze9e', 'steaze9e@amazon.co.jp', 'Susan', 'Teaze', '2021-02-21', '407 Rockefeller Hill', 'Tanjungbatu', 'profile_image_2.svg', 'vxe44Qr', 2, 1, b'1', '2021-10-02'),
('strevainmb', 'strevainmb@nba.com', 'Sheilakathryn', 'Trevain', '2020-10-19', '20643 Summit Plaza', 'Mulyorejo', 'profile_image_2.svg', 'hMQor9g', 2, 1, b'1', '2021-07-26'),
('stuerenah', 'stuerenah@smugmug.com', 'Salli', 'Tuerena', '2021-09-09', '75 Lakewood Gardens Lane', 'Crespo', 'profile_image_2.svg', 'UzVWGBhSBq', 2, 1, b'1', '2021-02-03'),
('svasserku', 'svasserku@instagram.com', 'Sharleen', 'Vasser', '2021-04-23', '00522 Daystar Junction', 'El Lolo', 'profile_image_2.svg', 'BanTx8mG', 2, 1, b'1', '2021-02-14'),
('svye3d', 'svye3d@smh.com.au', 'Sancho', 'Vye', '2021-02-02', '584 Harper Hill', 'Bintulu', 'profile_image_2.svg', 'u3jNYK', 2, 2, b'1', '2021-08-29'),
('swakelinjp', 'swakelinjp@bravesites.com', 'Sherwin', 'Wakelin', '2020-11-21', '122 Annamark Way', 'Tabwakea Village', 'profile_image_2.svg', 'OwuB4eA2P', 2, 1, b'1', '2021-07-25'),
('sweymanqn', 'sweymanqn@seattletimes.com', 'Silvia', 'Weyman', '2021-06-28', '01 Kropf Alley', 'Pederneiras', 'profile_image_2.svg', 'Lbv2TNaN', 2, 2, b'1', '2021-04-29'),
('tandreas41', 'tandreas41@hp.com', 'Tiphany', 'Andreas', '2021-07-16', '85728 Westport Drive', 'Singkir', 'profile_image_2.svg', 'njBEn9y3', 2, 1, b'1', '2021-08-17'),
('tberesforddh', 'tberesforddh@aol.com', 'Torrie', 'Beresford', '2021-01-27', '9913 Pawling Drive', 'Yingchengzi', 'profile_image_2.svg', '3fgSO7uFsfu', 2, 1, b'1', '2021-03-22'),
('tbourgetg2', 'tbourgetg2@deliciousdays.com', 'Teddy', 'Bourget', '2021-07-13', '84 Orin Lane', 'Nezvěstice', 'profile_image_2.svg', 'VIEBkGd', 2, 2, b'1', '2020-11-19'),
('tbrach5m', 'tbrach5m@csmonitor.com', 'Tobi', 'Brach', '2021-01-12', '62892 Walton Park', 'Geputan', 'profile_image_2.svg', 'DlvbsPj9H', 2, 2, b'1', '2021-07-29'),
('tbrounsellf8', 'tbrounsellf8@scribd.com', 'Trever', 'Brounsell', '2020-12-14', '568 Glacier Hill Road', 'Barakani', 'profile_image_2.svg', '6xSa9ENArUh', 2, 1, b'1', '2020-12-28'),
('tcabralesa8', 'tcabralesa8@chron.com', 'Talyah', 'Cabrales', '2021-05-13', '8249 Clove Terrace', 'Haninge', 'profile_image_2.svg', '2dgFhHPhora9', 2, 2, b'1', '2021-09-30'),
('tcattenachem', 'tcattenachem@technorati.com', 'Trula', 'Cattenach', '2021-02-21', '61925 Bayside Center', 'Dalkey', 'profile_image_2.svg', 'zxz53B7Jc', 2, 2, b'1', '2021-08-08'),
('tchatain4y', 'tchatain4y@disqus.com', 'Tyrus', 'Chatain', '2021-08-24', '2006 North Avenue', 'Antsirabe', 'profile_image_2.svg', 'AN4uzt', 2, 1, b'1', '2021-02-08'),
('tcolleymore3h', 'tcolleymore3h@mediafire.com', 'Tobin', 'Colleymore', '2020-12-06', '65 Warrior Lane', 'Elverum', 'profile_image_2.svg', 'TGJsQt', 2, 2, b'1', '2020-10-24'),
('tdejuaresdj', 'tdejuaresdj@alexa.com', 'Theo', 'de Juares', '2021-03-29', '13 Bartelt Plaza', 'Paris 14', 'profile_image_2.svg', 'qOH2H7AT0tC', 2, 2, b'1', '2021-05-28'),
('tdiruggerojr', 'tdiruggerojr@icq.com', 'Terrijo', 'Di Ruggero', '2020-12-08', '73074 Amoth Point', 'Chisong', 'profile_image_2.svg', 'hDfKwvMp', 2, 2, b'1', '2021-10-01'),
('tduckettbk', 'tduckettbk@blog.com', 'Terese', 'Duckett', '2020-12-08', '97 Service Center', 'Paradahan', 'profile_image_2.svg', 'CoVkf6', 2, 2, b'1', '2020-11-02'),
('tdukerl0', 'tdukerl0@indiegogo.com', 'Tiffie', 'Duker', '2020-12-19', '96 Anhalt Point', 'Ipoh', 'profile_image_2.svg', 'a7rhfiJ', 2, 1, b'1', '2021-08-13'),
('tdureden1g', 'tdureden1g@edublogs.org', 'Terrijo', 'Dureden', '2021-02-28', '343 Shasta Way', 'Bells Corners', 'profile_image_2.svg', '7pJloYBy5', 2, 2, b'1', '2020-10-28'),
('tearlemm', 'tearlemm@go.com', 'Tabby', 'Earle', '2021-05-26', '8705 Lien Junction', 'Lolak', 'profile_image_2.svg', 'PVoGnUt', 2, 2, b'1', '2021-10-04'),
('telsegood10', 'telsegood10@quantcast.com', 'Thorvald', 'Elsegood', '2021-05-15', '7 Johnson Road', 'Kuršumlija', 'profile_image_2.svg', 'C9t4Vta2t8re', 2, 1, b'1', '2021-05-15'),
('tfriday8n', 'tfriday8n@cocolog-nifty.com', 'Thacher', 'Friday', '2021-09-29', '4 Golf View Circle', 'Kivsharivka', 'profile_image_2.svg', 'VTi0u3un9HUD', 2, 1, b'1', '2021-06-14'),
('tfumagalli39', 'tfumagalli39@histats.com', 'Tobi', 'Fumagalli', '2021-03-20', '7525 Ridge Oak Street', 'Saint-Brieuc', 'profile_image_2.svg', 'ZACrZPVQUbv', 2, 2, b'1', '2021-06-29'),
('tgillyatt7f', 'tgillyatt7f@va.gov', 'Theodor', 'Gillyatt', '2021-05-20', '3506 Michigan Junction', 'Bambous Virieux', 'profile_image_2.svg', 'ttQzxH', 2, 1, b'1', '2020-11-28'),
('tgingleqi', 'tgingleqi@ihg.com', 'Tootsie', 'Gingle', '2021-02-03', '563 Pierstorff Road', 'Muchkapskiy', 'profile_image_2.svg', 'MLCwjOpcvBUD', 2, 1, b'1', '2020-12-24'),
('thardikerev', 'thardikerev@blogs.com', 'Tracey', 'Hardiker', '2021-04-19', '041 Grayhawk Court', 'Dallas', 'profile_image_2.svg', 'XC4ng4', 2, 1, b'1', '2021-09-09'),
('tjaquinio', 'tjaquinio@shutterfly.com', 'Teodorico', 'Jaquin', '2021-05-10', '80 Kings Place', 'Ouro Preto', 'profile_image_2.svg', 'uTFfwjoMI', 2, 1, b'1', '2021-09-25'),
('tkerwenah', 'tkerwenah@is.gd', 'Tarra', 'Kerwen', '2021-09-07', '41 Homewood Center', 'Fengyuan', 'profile_image_2.svg', 'UVbHH82lav7T', 2, 2, b'1', '2021-02-28'),
('tkinnock60', 'tkinnock60@posterous.com', 'Taryn', 'Kinnock', '2020-10-17', '4 Morrow Hill', 'Ar Ruḩaybah', 'profile_image_2.svg', 'WQDlmT', 2, 2, b'1', '2021-03-18'),
('tlevicounta7', 'tlevicounta7@1und1.de', 'Theresita', 'Levicount', '2021-01-16', '03248 Carberry Hill', 'Richmond', 'profile_image_2.svg', 'QiVEZ5V', 2, 2, b'1', '2020-12-09'),
('tlongmuir89', 'tlongmuir89@stanford.edu', 'Tanya', 'Longmuir', '2021-05-01', '2554 Oakridge Court', 'Bayonne', 'profile_image_2.svg', 'hZK5M7W2b004', 2, 2, b'1', '2021-05-13'),
('tlosbieoa', 'tlosbieoa@infoseek.co.jp', 'Tisha', 'Losbie', '2021-09-15', '8 Esch Court', 'Davyd-Haradok', 'profile_image_2.svg', '3DIhNw', 2, 1, b'1', '2021-09-06'),
('tmalacrida18', 'tmalacrida18@purevolume.com', 'Terrance', 'Malacrida', '2020-12-02', '299 Roxbury Park', 'Winnica', 'profile_image_2.svg', 'H9KtHrH', 2, 2, b'1', '2021-05-14'),
('tmerrisson2s', 'tmerrisson2s@behance.net', 'Tabby', 'Merrisson', '2020-12-20', '23910 Truax Court', 'Pangguang', 'profile_image_2.svg', 'Zo52LwE', 2, 2, b'1', '2021-08-25'),
('tortmannjn', 'tortmannjn@t.co', 'Tobiah', 'Ortmann', '2021-01-14', '905 Lake View Drive', 'Andahuaylas', 'profile_image_2.svg', '9u6SQht', 2, 1, b'1', '2020-11-01'),
('tquinnetteqz', 'tquinnetteqz@blogspot.com', 'Tiphanie', 'Quinnette', '2021-05-02', '798 Porter Park', 'Budapest', 'profile_image_2.svg', 'Xva8Z7ry3l', 2, 2, b'1', '2021-04-01'),
('trens1o', 'trens1o@cnbc.com', 'Thurstan', 'Rens', '2020-10-26', '328 Towne Court', 'Mafa', 'profile_image_2.svg', 'TJHGiqQ4pqJy', 2, 2, b'1', '2021-03-18'),
('triselyd1', 'triselyd1@github.com', 'Teddi', 'Risely', '2021-06-18', '7027 Kipling Plaza', 'Mae Lan', 'profile_image_2.svg', 'FD8WhFsz', 2, 1, b'1', '2020-10-16'),
('tscaneshu', 'tscaneshu@google.co.jp', 'Tess', 'Scanes', '2021-01-18', '2458 Summer Ridge Drive', 'Aghada', 'profile_image_2.svg', 'EgzLLim', 2, 1, b'1', '2021-01-11'),
('tskeenek', 'tskeenek@jimdo.com', 'Terrance', 'Skeene', '2021-02-15', '6 Ilene Avenue', 'Mbala', 'profile_image_2.svg', 'MW82r5', 2, 2, b'1', '2021-09-08'),
('tspeariettr2', 'tspeariettr2@reference.com', 'Theo', 'Speariett', '2021-09-21', '20 Anzinger Court', 'Tarhuna', 'profile_image_2.svg', 'RDVxppu7', 2, 2, b'1', '2020-10-24'),
('ttroppmannf3', 'ttroppmannf3@time.com', 'Tomlin', 'Troppmann', '2021-05-22', '1 Superior Avenue', 'Yeping', 'profile_image_2.svg', 'Gdz9cqRpHAL', 2, 1, b'1', '2021-05-01'),
('ttwelvetreenf', 'ttwelvetreenf@rambler.ru', 'Tiebold', 'Twelvetree', '2021-06-17', '245 David Lane', 'Al Hufūf', 'profile_image_2.svg', 'kLyjgc8I2X', 2, 2, b'1', '2021-06-07'),
('tunderdownd0', 'tunderdownd0@tiny.cc', 'Tabitha', 'Underdown', '2021-04-12', '53266 Linden Court', 'Täby', 'profile_image_2.svg', 'qhQLS9O', 2, 1, b'1', '2020-11-30'),
('twhyberdjm', 'twhyberdjm@goo.ne.jp', 'Traver', 'Whyberd', '2021-01-20', '3967 Dwight Terrace', 'Meishan', 'profile_image_2.svg', '3tOJdXDZH', 2, 2, b'1', '2021-07-15'),
('twittp5', 'twittp5@phoca.cz', 'Thaine', 'Witt', '2021-04-22', '014 Eliot Road', 'Oakland', 'profile_image_2.svg', 'coZLdcnj', 2, 1, b'1', '2021-01-31'),
('uargentp', 'uargentp@weibo.com', 'Ulick', 'Argent', '2021-05-07', '1 Forest Run Avenue', 'Citarik', 'profile_image_2.svg', 'FW5MUm0rt', 2, 1, b'1', '2021-07-08'),
('uchaffinpy', 'uchaffinpy@upenn.edu', 'Ursola', 'Chaffin', '2021-01-15', '694 Emmet Hill', 'Działoszyce', 'profile_image_2.svg', 'vvASGrM', 2, 2, b'1', '2021-05-02'),
('ufannerir', 'ufannerir@acquirethisname.com', 'Urban', 'Fanner', '2020-12-09', '404 Lunder Hill', 'Anthoúsa', 'profile_image_2.svg', 'daItCHE', 2, 2, b'1', '2020-11-24'),
('ugimblett3k', 'ugimblett3k@economist.com', 'Ulberto', 'Gimblett', '2021-08-02', '078 Northridge Junction', 'Roubaix', 'profile_image_2.svg', 'ErsK6pMA', 2, 1, b'1', '2021-07-14'),
('upoynzer83', 'upoynzer83@wikispaces.com', 'Ulric', 'Poynzer', '2020-11-18', '752 Mesta Alley', 'Fatufeto', 'profile_image_2.svg', 'xsXsex6u', 2, 2, b'1', '2020-12-20'),
('usarsfieldq9', 'usarsfieldq9@ucsd.edu', 'Umeko', 'Sarsfield', '2021-03-26', '0516 Kenwood Place', 'Tong’an', 'profile_image_2.svg', 'BvqpAK6miheq', 2, 2, b'1', '2021-10-10'),
('valandz', 'valandz@sohu.com', 'Victor', 'Aland', '2021-03-05', '613 Kedzie Pass', 'Yipeng', 'profile_image_2.svg', 'RH60bCI', 2, 2, b'1', '2020-12-08'),
('vbasten53', 'vbasten53@fema.gov', 'Vinni', 'Basten', '2020-11-11', '20694 Elka Avenue', 'Verkhn’odniprovs’k', 'profile_image_2.svg', 'cPyw2mBkD', 2, 1, b'1', '2021-09-17'),
('vbiersa9', 'vbiersa9@prweb.com', 'Vonni', 'Biers', '2020-11-02', '5652 Harbort Park', 'Barotac Viejo', 'profile_image_2.svg', 'zWbCRFH4k', 2, 1, b'1', '2020-11-18'),
('vboustredo6', 'vboustredo6@samsung.com', 'Vladamir', 'Boustred', '2021-03-25', '2 Kensington Point', 'Van Nuys', 'profile_image_2.svg', 'yl8ZbpCT02H', 2, 2, b'1', '2020-12-31'),
('vbruntjemo', 'vbruntjemo@yale.edu', 'Vinnie', 'Bruntje', '2021-03-14', '900 Coolidge Junction', 'Nancheng', 'profile_image_2.svg', 'DOzVdXW', 2, 1, b'1', '2021-06-19'),
('vbuttrick6u', 'vbuttrick6u@wikia.com', 'Vernor', 'Buttrick', '2020-11-26', '7 Pennsylvania Drive', 'New York City', 'profile_image_2.svg', 'Qx1tCL', 2, 1, b'1', '2021-03-07'),
('vcastagnaro4w', 'vcastagnaro4w@4shared.com', 'Val', 'Castagnaro', '2021-03-01', '12 Loftsgordon Hill', 'Ouro Branco', 'profile_image_2.svg', 'NB7rcnb', 2, 1, b'1', '2021-04-08'),
('vcawderypo', 'vcawderypo@angelfire.com', 'Von', 'Cawdery', '2020-10-25', '05 Union Hill', 'Yangjia', 'profile_image_2.svg', 'WejHY9p', 2, 2, b'1', '2021-03-10'),
('vchesserk3', 'vchesserk3@weather.com', 'Viole', 'Chesser', '2021-06-18', '6 Laurel Avenue', 'Miandrarivo', 'profile_image_2.svg', 'TL7LSoTE7xWs', 2, 2, b'1', '2021-01-05'),
('vdeguara6f', 'vdeguara6f@house.gov', 'Vite', 'Deguara', '2020-10-24', '29 Meadow Valley Park', 'Xinyuan', 'profile_image_2.svg', 'KuzffoWDeR', 2, 1, b'1', '2020-12-03'),
('vkestenh6', 'vkestenh6@umn.edu', 'Verla', 'Kesten', '2020-12-24', '71 Fremont Place', 'Hetian', 'profile_image_2.svg', 'YcjSp0hl4U', 2, 1, b'1', '2021-02-03'),
('vkirknessne', 'vkirknessne@bing.com', 'Valdemar', 'Kirkness', '2020-12-11', '2603 Roth Road', 'Shazi', 'profile_image_2.svg', 'k3OmQtSpXIN', 2, 2, b'1', '2021-09-29'),
('vlyddeno3', 'vlyddeno3@deliciousdays.com', 'Vivian', 'Lydden', '2021-03-10', '42733 Independence Park', 'Karanganyarkrajan', 'profile_image_2.svg', 'QIyPHGFk', 2, 2, b'1', '2021-06-07'),
('vmckeachieh2', 'vmckeachieh2@craigslist.org', 'Victoria', 'McKeachie', '2021-05-20', '1 Corry Park', 'Krajan Satu', 'profile_image_2.svg', 'ugTn0gDPA', 2, 1, b'1', '2021-02-14'),
('vphizackleaal', 'vphizackleaal@parallels.com', 'Vachel', 'Phizacklea', '2020-10-16', '0427 Scott Place', 'Olsztynek', 'profile_image_2.svg', 'hEJmrM', 2, 1, b'1', '2021-06-22'),
('vwalbypl', 'vwalbypl@home.pl', 'Vasili', 'Walby', '2021-03-14', '17590 Merry Park', 'Afántou', 'profile_image_2.svg', 'k3dCVt69k', 2, 1, b'1', '2020-12-01'),
('vzannettii6', 'vzannettii6@census.gov', 'Vite', 'Zannetti', '2021-10-01', '699 Shoshone Pass', 'Sumberarumkrajan', 'profile_image_2.svg', '3VxC2htmuJ', 2, 1, b'1', '2021-01-11'),
('wbellochjd', 'wbellochjd@wsj.com', 'Wilmette', 'Belloch', '2020-11-23', '39106 Oriole Drive', 'Rokietnica', 'profile_image_2.svg', 'W2P3ZW8b', 2, 2, b'1', '2020-11-17'),
('wcrabjt', 'wcrabjt@tamu.edu', 'Walton', 'Crab', '2021-05-03', '444 Randy Circle', 'Tembayangan Barat', 'profile_image_2.svg', 'FbxAJwX', 2, 1, b'1', '2021-08-05'),
('wdeinert7q', 'wdeinert7q@livejournal.com', 'Weston', 'Deinert', '2021-10-12', '282 Main Street', 'Kakamigahara', 'profile_image_2.svg', 'lPTpSVl', 2, 1, b'1', '2021-09-23'),
('wgebbe1s', 'wgebbe1s@gmpg.org', 'Wendie', 'Gebbe', '2021-07-19', '064 Mockingbird Circle', 'Tai Po', 'profile_image_2.svg', '3Xp2kWHP', 2, 1, b'1', '2021-10-01'),
('wgeertjem9', 'wgeertjem9@weather.com', 'Wakefield', 'Geertje', '2021-06-26', '779 Ridgeway Road', 'Myitkyina', 'profile_image_2.svg', 'kNHydjMDC2', 2, 1, b'1', '2020-11-14'),
('wgilluleykz', 'wgilluleykz@dropbox.com', 'Waldo', 'Gilluley', '2020-11-11', '34133 Fairfield Lane', 'Nerchinsk', 'profile_image_2.svg', 'XwmByPQqmi', 2, 2, b'1', '2021-08-17'),
('winglesantnp', 'winglesantnp@skyrock.com', 'Waldon', 'Inglesant', '2020-11-29', '0346 Basil Circle', 'Novais', 'profile_image_2.svg', '52aKhQjoAdj', 2, 1, b'1', '2021-06-15'),
('wklimowskiew', 'wklimowskiew@jimdo.com', 'Wyn', 'Klimowski', '2021-04-30', '3 Truax Junction', 'Peterhof', 'profile_image_2.svg', '1N5PzvGcT', 2, 1, b'1', '2021-03-31'),
('wmckeaveney7h', 'wmckeaveney7h@walmart.com', 'Wynny', 'McKeaveney', '2020-11-11', '25676 Texas Circle', 'Minusinsk', 'profile_image_2.svg', 'UU0AEK', 2, 2, b'1', '2021-01-12'),
('wmindenhallbd', 'wmindenhallbd@hostgator.com', 'Wilbert', 'Mindenhall', '2021-08-06', '0 Oakridge Junction', 'Kalinovskoye', 'profile_image_2.svg', 'agsDEJh', 2, 2, b'1', '2021-07-04'),
('wmioni71', 'wmioni71@chicagotribune.com', 'Wynn', 'Mioni', '2021-04-12', '020 Sunfield Pass', 'Sepahua', 'profile_image_2.svg', 'aK6t70', 2, 2, b'1', '2021-03-01'),
('wreddell55', 'wreddell55@sfgate.com', 'Winthrop', 'Reddell', '2021-07-06', '69611 Stone Corner Street', 'Del Rosario', 'profile_image_2.svg', 'KzSiKfxMMjFj', 2, 1, b'1', '2021-02-17'),
('wsaileph', 'wsaileph@nbcnews.com', 'Wileen', 'Saile', '2021-08-20', '6340 Vidon Way', 'Tairan Camp', 'profile_image_2.svg', '8VEBBAKRsmU', 2, 1, b'1', '2021-09-28'),
('wsinisbury7m', 'wsinisbury7m@alexa.com', 'Willamina', 'Sinisbury', '2021-07-31', '41079 Mockingbird Terrace', 'Las Flores', 'profile_image_2.svg', 'urwrGxaBLm', 2, 1, b'1', '2021-09-16'),
('wtunderle', 'wtunderle@abc.net.au', 'Weber', 'Tunder', '2021-01-16', '61 Sloan Avenue', 'Rio Grande da Serra', 'profile_image_2.svg', 'WtZj0BK71Gv', 2, 1, b'1', '2020-12-25'),
('wtunygq', 'wtunygq@ucla.edu', 'Wynn', 'Tuny', '2020-11-02', '4006 Schlimgen Junction', 'Cunén', 'profile_image_2.svg', 'F98ZgveL1', 2, 2, b'1', '2021-07-09'),
('wwiz74', 'wwiz74@youtu.be', 'Whitman', 'Wiz', '2021-03-14', '761 Birchwood Trail', 'Oldřišov', 'profile_image_2.svg', '6FbeiLu6GQj3', 2, 1, b'1', '2021-09-28'),
('wwoodfinlh', 'wwoodfinlh@cbslocal.com', 'Warde', 'Woodfin', '2021-05-15', '3 Alpine Parkway', 'Ecilda Paullier', 'profile_image_2.svg', '2CTtVqNkgdbv', 2, 2, b'1', '2020-12-01'),
('wzinkgd', 'wzinkgd@altervista.org', 'Weider', 'Zink', '2020-10-27', '50231 Loeprich Terrace', 'Chalon-sur-Saône', 'profile_image_2.svg', 'h67CBY', 2, 2, b'1', '2021-06-21'),
('xburroughes52', 'xburroughes52@howstuffworks.com', 'Xavier', 'Burroughes', '2021-03-05', '95 Prairie Rose Road', 'Pangradin Satu', 'profile_image_2.svg', 'LgApzsh2', 2, 2, b'1', '2020-12-04'),
('yballeinenm', 'yballeinenm@umich.edu', 'Ysabel', 'Balleine', '2020-10-15', '2 Mallard Avenue', 'Yujiawu', 'profile_image_2.svg', '12Upe1T9', 2, 1, b'1', '2021-06-18'),
('ybroadwell2b', 'ybroadwell2b@reverbnation.com', 'Yettie', 'Broadwell', '2021-07-02', '140 Sherman Lane', 'Fujioka', 'profile_image_2.svg', 'y7CBsNfwukql', 2, 1, b'1', '2021-09-07'),
('ypaulon30', 'ypaulon30@buzzfeed.com', 'Yetta', 'Paulon', '2020-11-05', '7910 Canary Street', 'Kalbugan', 'profile_image_2.svg', 'mu7TwqVo6IY', 2, 1, b'1', '2021-07-28'),
('zballsdon85', 'zballsdon85@whitehouse.gov', 'Zsa zsa', 'Ballsdon', '2021-06-05', '108 Erie Street', 'Yelabuga', 'profile_image_2.svg', '2zImY9Ch', 2, 1, b'1', '2021-04-25'),
('zconnechya1', 'zconnechya1@nhs.uk', 'Zeb', 'Connechy', '2021-04-22', '3620 Portage Park', 'Namyang-dong', 'profile_image_2.svg', 'XgatpY4iAc', 2, 2, b'1', '2021-10-12'),
('zdannohlca', 'zdannohlca@hibu.com', 'Zacharia', 'Dannohl', '2021-10-03', '6 Pleasure Road', 'Beiqiao', 'profile_image_2.svg', 'hLdfdh2z', 2, 1, b'1', '2021-06-30'),
('zgateleyez', 'zgateleyez@washington.edu', 'Zuzana', 'Gateley', '2020-11-23', '951 Doe Crossing Center', 'Puutura', 'profile_image_2.svg', 'csGj56', 2, 1, b'1', '2021-08-11'),
('zgerlingaw', 'zgerlingaw@merriam-webster.com', 'Zahara', 'Gerling', '2020-11-06', '31568 Eastlawn Court', 'Sambopinggir', 'profile_image_2.svg', 'tvtsXf', 2, 1, b'1', '2020-12-28'),
('zstrewtheri7', 'zstrewtheri7@vinaora.com', 'Zachery', 'Strewther', '2021-06-16', '49 Hintze Lane', 'Bambari', 'profile_image_2.svg', 'jGBtJKAFlreM', 2, 2, b'1', '2021-09-17');

--
-- Índices para tablas volcadas
--

--
-- Indices de la tabla `booking`
--
ALTER TABLE `booking`
  ADD PRIMARY KEY (`id_booking`,`date_booking`,`start_booking`,`cancha`),
  ADD KEY `ref_02` (`user`),
  ADD KEY `ref_03` (`cancha`);

--
-- Indices de la tabla `cancha`
--
ALTER TABLE `cancha`
  ADD PRIMARY KEY (`id_cancha`);

--
-- Indices de la tabla `generos`
--
ALTER TABLE `generos`
  ADD PRIMARY KEY (`id_gen`);

--
-- Indices de la tabla `notifications`
--
ALTER TABLE `notifications`
  ADD PRIMARY KEY (`noti_id`);

--
-- Indices de la tabla `roles`
--
ALTER TABLE `roles`
  ADD PRIMARY KEY (`id_rol`);

--
-- Indices de la tabla `service`
--
ALTER TABLE `service`
  ADD PRIMARY KEY (`service_id`),
  ADD KEY `fk_service_type` (`service_type`);

--
-- Indices de la tabla `service_type`
--
ALTER TABLE `service_type`
  ADD PRIMARY KEY (`service_type_id`);

--
-- Indices de la tabla `sessions`
--
ALTER TABLE `sessions`
  ADD PRIMARY KEY (`session_id`);

--
-- Indices de la tabla `suscripcion`
--
ALTER TABLE `suscripcion`
  ADD PRIMARY KEY (`owner`,`subscription`),
  ADD KEY `fk_user_service` (`subscription`);

--
-- Indices de la tabla `users`
--
ALTER TABLE `users`
  ADD PRIMARY KEY (`username`,`email`),
  ADD KEY `ref_01` (`rol`),
  ADD KEY `gen` (`gen`);

--
-- AUTO_INCREMENT de las tablas volcadas
--

--
-- AUTO_INCREMENT de la tabla `booking`
--
ALTER TABLE `booking`
  MODIFY `id_booking` int(11) NOT NULL AUTO_INCREMENT, AUTO_INCREMENT=38;

--
-- AUTO_INCREMENT de la tabla `generos`
--
ALTER TABLE `generos`
  MODIFY `id_gen` int(11) NOT NULL AUTO_INCREMENT, AUTO_INCREMENT=3;

--
-- AUTO_INCREMENT de la tabla `notifications`
--
ALTER TABLE `notifications`
  MODIFY `noti_id` int(11) NOT NULL AUTO_INCREMENT, AUTO_INCREMENT=15;

--
-- AUTO_INCREMENT de la tabla `service`
--
ALTER TABLE `service`
  MODIFY `service_id` int(11) NOT NULL AUTO_INCREMENT, AUTO_INCREMENT=10;

--
-- AUTO_INCREMENT de la tabla `service_type`
--
ALTER TABLE `service_type`
  MODIFY `service_type_id` int(11) NOT NULL AUTO_INCREMENT, AUTO_INCREMENT=3;

--
-- Restricciones para tablas volcadas
--

--
-- Filtros para la tabla `booking`
--
ALTER TABLE `booking`
  ADD CONSTRAINT `ref_02` FOREIGN KEY (`user`) REFERENCES `users` (`username`) ON DELETE CASCADE ON UPDATE CASCADE,
  ADD CONSTRAINT `ref_03` FOREIGN KEY (`cancha`) REFERENCES `cancha` (`id_cancha`) ON DELETE CASCADE ON UPDATE CASCADE;

--
-- Filtros para la tabla `service`
--
ALTER TABLE `service`
  ADD CONSTRAINT `fk_service_type` FOREIGN KEY (`service_type`) REFERENCES `service_type` (`service_type_id`);

--
-- Filtros para la tabla `suscripcion`
--
ALTER TABLE `suscripcion`
  ADD CONSTRAINT `fk_user_service` FOREIGN KEY (`subscription`) REFERENCES `service` (`service_id`),
  ADD CONSTRAINT `fk_user_subscription` FOREIGN KEY (`owner`) REFERENCES `users` (`username`);

--
-- Filtros para la tabla `users`
--
ALTER TABLE `users`
  ADD CONSTRAINT `ref_01` FOREIGN KEY (`rol`) REFERENCES `roles` (`id_rol`),
  ADD CONSTRAINT `users_ibfk_1` FOREIGN KEY (`gen`) REFERENCES `generos` (`id_gen`);
--
-- Base de datos: `phpmyadmin`
--
CREATE DATABASE IF NOT EXISTS `phpmyadmin` DEFAULT CHARACTER SET utf8 COLLATE utf8_bin;
USE `phpmyadmin`;

-- --------------------------------------------------------

--
-- Estructura de tabla para la tabla `pma__bookmark`
--

CREATE TABLE `pma__bookmark` (
  `id` int(10) UNSIGNED NOT NULL,
  `dbase` varchar(255) COLLATE utf8_bin NOT NULL DEFAULT '',
  `user` varchar(255) COLLATE utf8_bin NOT NULL DEFAULT '',
  `label` varchar(255) CHARACTER SET utf8 NOT NULL DEFAULT '',
  `query` text COLLATE utf8_bin NOT NULL
) ENGINE=InnoDB DEFAULT CHARSET=utf8 COLLATE=utf8_bin COMMENT='Bookmarks';

-- --------------------------------------------------------

--
-- Estructura de tabla para la tabla `pma__central_columns`
--

CREATE TABLE `pma__central_columns` (
  `db_name` varchar(64) COLLATE utf8_bin NOT NULL,
  `col_name` varchar(64) COLLATE utf8_bin NOT NULL,
  `col_type` varchar(64) COLLATE utf8_bin NOT NULL,
  `col_length` text COLLATE utf8_bin DEFAULT NULL,
  `col_collation` varchar(64) COLLATE utf8_bin NOT NULL,
  `col_isNull` tinyint(1) NOT NULL,
  `col_extra` varchar(255) COLLATE utf8_bin DEFAULT '',
  `col_default` text COLLATE utf8_bin DEFAULT NULL
) ENGINE=InnoDB DEFAULT CHARSET=utf8 COLLATE=utf8_bin COMMENT='Central list of columns';

-- --------------------------------------------------------

--
-- Estructura de tabla para la tabla `pma__column_info`
--

CREATE TABLE `pma__column_info` (
  `id` int(5) UNSIGNED NOT NULL,
  `db_name` varchar(64) COLLATE utf8_bin NOT NULL DEFAULT '',
  `table_name` varchar(64) COLLATE utf8_bin NOT NULL DEFAULT '',
  `column_name` varchar(64) COLLATE utf8_bin NOT NULL DEFAULT '',
  `comment` varchar(255) CHARACTER SET utf8 NOT NULL DEFAULT '',
  `mimetype` varchar(255) CHARACTER SET utf8 NOT NULL DEFAULT '',
  `transformation` varchar(255) COLLATE utf8_bin NOT NULL DEFAULT '',
  `transformation_options` varchar(255) COLLATE utf8_bin NOT NULL DEFAULT '',
  `input_transformation` varchar(255) COLLATE utf8_bin NOT NULL DEFAULT '',
  `input_transformation_options` varchar(255) COLLATE utf8_bin NOT NULL DEFAULT ''
) ENGINE=InnoDB DEFAULT CHARSET=utf8 COLLATE=utf8_bin COMMENT='Column information for phpMyAdmin';

-- --------------------------------------------------------

--
-- Estructura de tabla para la tabla `pma__designer_settings`
--

CREATE TABLE `pma__designer_settings` (
  `username` varchar(64) COLLATE utf8_bin NOT NULL,
  `settings_data` text COLLATE utf8_bin NOT NULL
) ENGINE=InnoDB DEFAULT CHARSET=utf8 COLLATE=utf8_bin COMMENT='Settings related to Designer';

--
-- Volcado de datos para la tabla `pma__designer_settings`
--

INSERT INTO `pma__designer_settings` (`username`, `settings_data`) VALUES
('root', '{\"relation_lines\":\"true\",\"snap_to_grid\":\"off\",\"angular_direct\":\"direct\",\"full_screen\":\"off\"}');

-- --------------------------------------------------------

--
-- Estructura de tabla para la tabla `pma__export_templates`
--

CREATE TABLE `pma__export_templates` (
  `id` int(5) UNSIGNED NOT NULL,
  `username` varchar(64) COLLATE utf8_bin NOT NULL,
  `export_type` varchar(10) COLLATE utf8_bin NOT NULL,
  `template_name` varchar(64) COLLATE utf8_bin NOT NULL,
  `template_data` text COLLATE utf8_bin NOT NULL
) ENGINE=InnoDB DEFAULT CHARSET=utf8 COLLATE=utf8_bin COMMENT='Saved export templates';

-- --------------------------------------------------------

--
-- Estructura de tabla para la tabla `pma__favorite`
--

CREATE TABLE `pma__favorite` (
  `username` varchar(64) COLLATE utf8_bin NOT NULL,
  `tables` text COLLATE utf8_bin NOT NULL
) ENGINE=InnoDB DEFAULT CHARSET=utf8 COLLATE=utf8_bin COMMENT='Favorite tables';

-- --------------------------------------------------------

--
-- Estructura de tabla para la tabla `pma__history`
--

CREATE TABLE `pma__history` (
  `id` bigint(20) UNSIGNED NOT NULL,
  `username` varchar(64) COLLATE utf8_bin NOT NULL DEFAULT '',
  `db` varchar(64) COLLATE utf8_bin NOT NULL DEFAULT '',
  `table` varchar(64) COLLATE utf8_bin NOT NULL DEFAULT '',
  `timevalue` timestamp NOT NULL DEFAULT current_timestamp(),
  `sqlquery` text COLLATE utf8_bin NOT NULL
) ENGINE=InnoDB DEFAULT CHARSET=utf8 COLLATE=utf8_bin COMMENT='SQL history for phpMyAdmin';

-- --------------------------------------------------------

--
-- Estructura de tabla para la tabla `pma__navigationhiding`
--

CREATE TABLE `pma__navigationhiding` (
  `username` varchar(64) COLLATE utf8_bin NOT NULL,
  `item_name` varchar(64) COLLATE utf8_bin NOT NULL,
  `item_type` varchar(64) COLLATE utf8_bin NOT NULL,
  `db_name` varchar(64) COLLATE utf8_bin NOT NULL,
  `table_name` varchar(64) COLLATE utf8_bin NOT NULL
) ENGINE=InnoDB DEFAULT CHARSET=utf8 COLLATE=utf8_bin COMMENT='Hidden items of navigation tree';

--
-- Volcado de datos para la tabla `pma__navigationhiding`
--

INSERT INTO `pma__navigationhiding` (`username`, `item_name`, `item_type`, `db_name`, `table_name`) VALUES
('root', 'views', 'group', 'clinica', '');

-- --------------------------------------------------------

--
-- Estructura de tabla para la tabla `pma__pdf_pages`
--

CREATE TABLE `pma__pdf_pages` (
  `db_name` varchar(64) COLLATE utf8_bin NOT NULL DEFAULT '',
  `page_nr` int(10) UNSIGNED NOT NULL,
  `page_descr` varchar(50) CHARACTER SET utf8 NOT NULL DEFAULT ''
) ENGINE=InnoDB DEFAULT CHARSET=utf8 COLLATE=utf8_bin COMMENT='PDF relation pages for phpMyAdmin';

-- --------------------------------------------------------

--
-- Estructura de tabla para la tabla `pma__recent`
--

CREATE TABLE `pma__recent` (
  `username` varchar(64) COLLATE utf8_bin NOT NULL,
  `tables` text COLLATE utf8_bin NOT NULL
) ENGINE=InnoDB DEFAULT CHARSET=utf8 COLLATE=utf8_bin COMMENT='Recently accessed tables';

--
-- Volcado de datos para la tabla `pma__recent`
--

INSERT INTO `pma__recent` (`username`, `tables`) VALUES
('root', '[{\"db\":\"gestioncomplejo\",\"table\":\"users\"},{\"db\":\"gestioncomplejo\",\"table\":\"suscripcion\"},{\"db\":\"gestioncomplejo\",\"table\":\"booking\"},{\"db\":\"gestioncomplejo\",\"table\":\"roles\"},{\"db\":\"gestioncomplejo\",\"table\":\"generos\"},{\"db\":\"gestioncomplejo\",\"table\":\"profile_img\"},{\"db\":\"gestioncomplejo\",\"table\":\"notifications\"},{\"db\":\"gestioncomplejo\",\"table\":\"sessions\"},{\"db\":\"gestioncomplejo\",\"table\":\"service\"},{\"db\":\"proyectos\",\"table\":\"realizan\"}]');

-- --------------------------------------------------------

--
-- Estructura de tabla para la tabla `pma__relation`
--

CREATE TABLE `pma__relation` (
  `master_db` varchar(64) COLLATE utf8_bin NOT NULL DEFAULT '',
  `master_table` varchar(64) COLLATE utf8_bin NOT NULL DEFAULT '',
  `master_field` varchar(64) COLLATE utf8_bin NOT NULL DEFAULT '',
  `foreign_db` varchar(64) COLLATE utf8_bin NOT NULL DEFAULT '',
  `foreign_table` varchar(64) COLLATE utf8_bin NOT NULL DEFAULT '',
  `foreign_field` varchar(64) COLLATE utf8_bin NOT NULL DEFAULT ''
) ENGINE=InnoDB DEFAULT CHARSET=utf8 COLLATE=utf8_bin COMMENT='Relation table';

-- --------------------------------------------------------

--
-- Estructura de tabla para la tabla `pma__savedsearches`
--

CREATE TABLE `pma__savedsearches` (
  `id` int(5) UNSIGNED NOT NULL,
  `username` varchar(64) COLLATE utf8_bin NOT NULL DEFAULT '',
  `db_name` varchar(64) COLLATE utf8_bin NOT NULL DEFAULT '',
  `search_name` varchar(64) COLLATE utf8_bin NOT NULL DEFAULT '',
  `search_data` text COLLATE utf8_bin NOT NULL
) ENGINE=InnoDB DEFAULT CHARSET=utf8 COLLATE=utf8_bin COMMENT='Saved searches';

-- --------------------------------------------------------

--
-- Estructura de tabla para la tabla `pma__table_coords`
--

CREATE TABLE `pma__table_coords` (
  `db_name` varchar(64) COLLATE utf8_bin NOT NULL DEFAULT '',
  `table_name` varchar(64) COLLATE utf8_bin NOT NULL DEFAULT '',
  `pdf_page_number` int(11) NOT NULL DEFAULT 0,
  `x` float UNSIGNED NOT NULL DEFAULT 0,
  `y` float UNSIGNED NOT NULL DEFAULT 0
) ENGINE=InnoDB DEFAULT CHARSET=utf8 COLLATE=utf8_bin COMMENT='Table coordinates for phpMyAdmin PDF output';

-- --------------------------------------------------------

--
-- Estructura de tabla para la tabla `pma__table_info`
--

CREATE TABLE `pma__table_info` (
  `db_name` varchar(64) COLLATE utf8_bin NOT NULL DEFAULT '',
  `table_name` varchar(64) COLLATE utf8_bin NOT NULL DEFAULT '',
  `display_field` varchar(64) COLLATE utf8_bin NOT NULL DEFAULT ''
) ENGINE=InnoDB DEFAULT CHARSET=utf8 COLLATE=utf8_bin COMMENT='Table information for phpMyAdmin';

--
-- Volcado de datos para la tabla `pma__table_info`
--

INSERT INTO `pma__table_info` (`db_name`, `table_name`, `display_field`) VALUES
('gestioncomplejo', 'booking', 'start_booking');

-- --------------------------------------------------------

--
-- Estructura de tabla para la tabla `pma__table_uiprefs`
--

CREATE TABLE `pma__table_uiprefs` (
  `username` varchar(64) COLLATE utf8_bin NOT NULL,
  `db_name` varchar(64) COLLATE utf8_bin NOT NULL,
  `table_name` varchar(64) COLLATE utf8_bin NOT NULL,
  `prefs` text COLLATE utf8_bin NOT NULL,
  `last_update` timestamp NOT NULL DEFAULT current_timestamp() ON UPDATE current_timestamp()
) ENGINE=InnoDB DEFAULT CHARSET=utf8 COLLATE=utf8_bin COMMENT='Tables'' UI preferences';

--
-- Volcado de datos para la tabla `pma__table_uiprefs`
--

INSERT INTO `pma__table_uiprefs` (`username`, `db_name`, `table_name`, `prefs`, `last_update`) VALUES
('root', 'db_links', 'users', '{\"sorted_col\":\"`users`.`password` ASC\"}', '2021-08-18 01:49:46'),
('root', 'gestioncomplejo', 'users', '[]', '2021-08-18 08:07:09'),
('root', 'proyectos', 'clientes', '[]', '2021-08-30 21:25:01'),
('root', 'uruguay', 'departamento', '{\"sorted_col\":\"`departamento`.`codigoDep`  ASC\"}', '2021-07-15 04:53:18');

-- --------------------------------------------------------

--
-- Estructura de tabla para la tabla `pma__tracking`
--

CREATE TABLE `pma__tracking` (
  `db_name` varchar(64) COLLATE utf8_bin NOT NULL,
  `table_name` varchar(64) COLLATE utf8_bin NOT NULL,
  `version` int(10) UNSIGNED NOT NULL,
  `date_created` datetime NOT NULL,
  `date_updated` datetime NOT NULL,
  `schema_snapshot` text COLLATE utf8_bin NOT NULL,
  `schema_sql` text COLLATE utf8_bin DEFAULT NULL,
  `data_sql` longtext COLLATE utf8_bin DEFAULT NULL,
  `tracking` set('UPDATE','REPLACE','INSERT','DELETE','TRUNCATE','CREATE DATABASE','ALTER DATABASE','DROP DATABASE','CREATE TABLE','ALTER TABLE','RENAME TABLE','DROP TABLE','CREATE INDEX','DROP INDEX','CREATE VIEW','ALTER VIEW','DROP VIEW') COLLATE utf8_bin DEFAULT NULL,
  `tracking_active` int(1) UNSIGNED NOT NULL DEFAULT 1
) ENGINE=InnoDB DEFAULT CHARSET=utf8 COLLATE=utf8_bin COMMENT='Database changes tracking for phpMyAdmin';

-- --------------------------------------------------------

--
-- Estructura de tabla para la tabla `pma__userconfig`
--

CREATE TABLE `pma__userconfig` (
  `username` varchar(64) COLLATE utf8_bin NOT NULL,
  `timevalue` timestamp NOT NULL DEFAULT current_timestamp() ON UPDATE current_timestamp(),
  `config_data` text COLLATE utf8_bin NOT NULL
) ENGINE=InnoDB DEFAULT CHARSET=utf8 COLLATE=utf8_bin COMMENT='User preferences storage for phpMyAdmin';

--
-- Volcado de datos para la tabla `pma__userconfig`
--

INSERT INTO `pma__userconfig` (`username`, `timevalue`, `config_data`) VALUES
('root', '2021-10-20 05:40:58', '{\"Console\\/Mode\":\"collapse\",\"lang\":\"es\"}');

-- --------------------------------------------------------

--
-- Estructura de tabla para la tabla `pma__usergroups`
--

CREATE TABLE `pma__usergroups` (
  `usergroup` varchar(64) COLLATE utf8_bin NOT NULL,
  `tab` varchar(64) COLLATE utf8_bin NOT NULL,
  `allowed` enum('Y','N') COLLATE utf8_bin NOT NULL DEFAULT 'N'
) ENGINE=InnoDB DEFAULT CHARSET=utf8 COLLATE=utf8_bin COMMENT='User groups with configured menu items';

-- --------------------------------------------------------

--
-- Estructura de tabla para la tabla `pma__users`
--

CREATE TABLE `pma__users` (
  `username` varchar(64) COLLATE utf8_bin NOT NULL,
  `usergroup` varchar(64) COLLATE utf8_bin NOT NULL
) ENGINE=InnoDB DEFAULT CHARSET=utf8 COLLATE=utf8_bin COMMENT='Users and their assignments to user groups';

--
-- Índices para tablas volcadas
--

--
-- Indices de la tabla `pma__bookmark`
--
ALTER TABLE `pma__bookmark`
  ADD PRIMARY KEY (`id`);

--
-- Indices de la tabla `pma__central_columns`
--
ALTER TABLE `pma__central_columns`
  ADD PRIMARY KEY (`db_name`,`col_name`);

--
-- Indices de la tabla `pma__column_info`
--
ALTER TABLE `pma__column_info`
  ADD PRIMARY KEY (`id`),
  ADD UNIQUE KEY `db_name` (`db_name`,`table_name`,`column_name`);

--
-- Indices de la tabla `pma__designer_settings`
--
ALTER TABLE `pma__designer_settings`
  ADD PRIMARY KEY (`username`);

--
-- Indices de la tabla `pma__export_templates`
--
ALTER TABLE `pma__export_templates`
  ADD PRIMARY KEY (`id`),
  ADD UNIQUE KEY `u_user_type_template` (`username`,`export_type`,`template_name`);

--
-- Indices de la tabla `pma__favorite`
--
ALTER TABLE `pma__favorite`
  ADD PRIMARY KEY (`username`);

--
-- Indices de la tabla `pma__history`
--
ALTER TABLE `pma__history`
  ADD PRIMARY KEY (`id`),
  ADD KEY `username` (`username`,`db`,`table`,`timevalue`);

--
-- Indices de la tabla `pma__navigationhiding`
--
ALTER TABLE `pma__navigationhiding`
  ADD PRIMARY KEY (`username`,`item_name`,`item_type`,`db_name`,`table_name`);

--
-- Indices de la tabla `pma__pdf_pages`
--
ALTER TABLE `pma__pdf_pages`
  ADD PRIMARY KEY (`page_nr`),
  ADD KEY `db_name` (`db_name`);

--
-- Indices de la tabla `pma__recent`
--
ALTER TABLE `pma__recent`
  ADD PRIMARY KEY (`username`);

--
-- Indices de la tabla `pma__relation`
--
ALTER TABLE `pma__relation`
  ADD PRIMARY KEY (`master_db`,`master_table`,`master_field`),
  ADD KEY `foreign_field` (`foreign_db`,`foreign_table`);

--
-- Indices de la tabla `pma__savedsearches`
--
ALTER TABLE `pma__savedsearches`
  ADD PRIMARY KEY (`id`),
  ADD UNIQUE KEY `u_savedsearches_username_dbname` (`username`,`db_name`,`search_name`);

--
-- Indices de la tabla `pma__table_coords`
--
ALTER TABLE `pma__table_coords`
  ADD PRIMARY KEY (`db_name`,`table_name`,`pdf_page_number`);

--
-- Indices de la tabla `pma__table_info`
--
ALTER TABLE `pma__table_info`
  ADD PRIMARY KEY (`db_name`,`table_name`);

--
-- Indices de la tabla `pma__table_uiprefs`
--
ALTER TABLE `pma__table_uiprefs`
  ADD PRIMARY KEY (`username`,`db_name`,`table_name`);

--
-- Indices de la tabla `pma__tracking`
--
ALTER TABLE `pma__tracking`
  ADD PRIMARY KEY (`db_name`,`table_name`,`version`);

--
-- Indices de la tabla `pma__userconfig`
--
ALTER TABLE `pma__userconfig`
  ADD PRIMARY KEY (`username`);

--
-- Indices de la tabla `pma__usergroups`
--
ALTER TABLE `pma__usergroups`
  ADD PRIMARY KEY (`usergroup`,`tab`,`allowed`);

--
-- Indices de la tabla `pma__users`
--
ALTER TABLE `pma__users`
  ADD PRIMARY KEY (`username`,`usergroup`);

--
-- AUTO_INCREMENT de las tablas volcadas
--

--
-- AUTO_INCREMENT de la tabla `pma__bookmark`
--
ALTER TABLE `pma__bookmark`
  MODIFY `id` int(10) UNSIGNED NOT NULL AUTO_INCREMENT;

--
-- AUTO_INCREMENT de la tabla `pma__column_info`
--
ALTER TABLE `pma__column_info`
  MODIFY `id` int(5) UNSIGNED NOT NULL AUTO_INCREMENT;

--
-- AUTO_INCREMENT de la tabla `pma__export_templates`
--
ALTER TABLE `pma__export_templates`
  MODIFY `id` int(5) UNSIGNED NOT NULL AUTO_INCREMENT;

--
-- AUTO_INCREMENT de la tabla `pma__history`
--
ALTER TABLE `pma__history`
  MODIFY `id` bigint(20) UNSIGNED NOT NULL AUTO_INCREMENT;

--
-- AUTO_INCREMENT de la tabla `pma__pdf_pages`
--
ALTER TABLE `pma__pdf_pages`
  MODIFY `page_nr` int(10) UNSIGNED NOT NULL AUTO_INCREMENT;

--
-- AUTO_INCREMENT de la tabla `pma__savedsearches`
--
ALTER TABLE `pma__savedsearches`
  MODIFY `id` int(5) UNSIGNED NOT NULL AUTO_INCREMENT;
--
-- Base de datos: `proyectos`
--
CREATE DATABASE IF NOT EXISTS `proyectos` DEFAULT CHARACTER SET utf8mb4 COLLATE utf8mb4_general_ci;
USE `proyectos`;

-- --------------------------------------------------------

--
-- Estructura de tabla para la tabla `clientes`
--

CREATE TABLE `clientes` (
  `idcliente` int(11) NOT NULL,
  `nombrecli` varchar(30) NOT NULL,
  `cirut` varchar(12) NOT NULL,
  `telefono` varchar(10) NOT NULL
) ENGINE=InnoDB DEFAULT CHARSET=utf8mb4;

--
-- Volcado de datos para la tabla `clientes`
--

INSERT INTO `clientes` (`idcliente`, `nombrecli`, `cirut`, `telefono`) VALUES
(1, 'Golocin SA', '130228558962', '099566566'),
(2, 'Santiago Wolf', '35885521', '099336336'),
(3, 'FrioSeco SA', '130330330112', '091555666'),
(4, 'Lorin', '120556332200', '098444222');

-- --------------------------------------------------------

--
-- Estructura de tabla para la tabla `empleados`
--

CREATE TABLE `empleados` (
  `idempleado` int(11) NOT NULL,
  `nombre` varchar(20) NOT NULL,
  `apellido` varchar(20) NOT NULL,
  `fechaingreso` date NOT NULL
) ENGINE=InnoDB DEFAULT CHARSET=utf8mb4;

--
-- Volcado de datos para la tabla `empleados`
--

INSERT INTO `empleados` (`idempleado`, `nombre`, `apellido`, `fechaingreso`) VALUES
(1, 'Fernando', 'Ríos', '2020-08-02'),
(2, 'Julio', 'Nuñez', '2019-06-14'),
(3, 'Fernando', 'Ríos', '2020-08-02'),
(4, 'Julio', 'Nuñez', '2019-06-14'),
(5, 'Marta', 'sanchez', '2018-04-14'),
(6, 'Juana', 'Perez', '2017-03-14'),
(7, 'Roberto', 'Flan', '2019-06-14'),
(8, 'Fernanda', 'Ros', '2021-07-02'),
(9, 'Julieta', 'Santos', '2019-06-14'),
(10, 'Mario', 'Duarte', '2018-04-14'),
(11, 'Carlos', 'Perez', '2010-03-14'),
(12, 'Robert', 'Tona', '2019-06-14');

-- --------------------------------------------------------

--
-- Estructura de tabla para la tabla `proyecto`
--

CREATE TABLE `proyecto` (
  `nroProyecto` int(11) NOT NULL,
  `nombre_proyecto` varchar(30) NOT NULL,
  `fechaInicio` date NOT NULL,
  `fechaFin` date NOT NULL,
  `idcliente` int(11) NOT NULL,
  `director` int(11) NOT NULL
) ENGINE=InnoDB DEFAULT CHARSET=utf8mb4;

--
-- Volcado de datos para la tabla `proyecto`
--

INSERT INTO `proyecto` (`nroProyecto`, `nombre_proyecto`, `fechaInicio`, `fechaFin`, `idcliente`, `director`) VALUES
(1, 'Tienda Online', '2020-01-01', '2020-06-05', 2, 11),
(2, 'Vivienda', '2021-03-01', '0000-00-00', 4, 6),
(3, 'Gestion Edificio', '2021-08-05', '0000-00-00', 2, 6);

-- --------------------------------------------------------

--
-- Estructura de tabla para la tabla `realizan`
--

CREATE TABLE `realizan` (
  `nroProyecto` int(11) NOT NULL,
  `idempleado` int(11) NOT NULL,
  `sueldo` int(11) NOT NULL,
  `cargo` varchar(30) NOT NULL
) ENGINE=InnoDB DEFAULT CHARSET=utf8mb4;

--
-- Volcado de datos para la tabla `realizan`
--

INSERT INTO `realizan` (`nroProyecto`, `idempleado`, `sueldo`, `cargo`) VALUES
(1, 4, 38200, 'Programador'),
(1, 5, 35000, 'Tester'),
(2, 3, 45200, 'Analista'),
(2, 4, 38200, 'Programador');

--
-- Índices para tablas volcadas
--

--
-- Indices de la tabla `clientes`
--
ALTER TABLE `clientes`
  ADD PRIMARY KEY (`idcliente`);

--
-- Indices de la tabla `empleados`
--
ALTER TABLE `empleados`
  ADD PRIMARY KEY (`idempleado`);

--
-- Indices de la tabla `proyecto`
--
ALTER TABLE `proyecto`
  ADD PRIMARY KEY (`nroProyecto`),
  ADD KEY `idcliente` (`idcliente`),
  ADD KEY `director` (`director`);

--
-- Indices de la tabla `realizan`
--
ALTER TABLE `realizan`
  ADD KEY `nroProyecto` (`nroProyecto`),
  ADD KEY `idempleado` (`idempleado`);

--
-- AUTO_INCREMENT de las tablas volcadas
--

--
-- AUTO_INCREMENT de la tabla `clientes`
--
ALTER TABLE `clientes`
  MODIFY `idcliente` int(11) NOT NULL AUTO_INCREMENT, AUTO_INCREMENT=5;

--
-- AUTO_INCREMENT de la tabla `empleados`
--
ALTER TABLE `empleados`
  MODIFY `idempleado` int(11) NOT NULL AUTO_INCREMENT, AUTO_INCREMENT=13;

--
-- AUTO_INCREMENT de la tabla `proyecto`
--
ALTER TABLE `proyecto`
  MODIFY `nroProyecto` int(11) NOT NULL AUTO_INCREMENT, AUTO_INCREMENT=14;

--
-- Restricciones para tablas volcadas
--

--
-- Filtros para la tabla `proyecto`
--
ALTER TABLE `proyecto`
  ADD CONSTRAINT `proyecto_ibfk_1` FOREIGN KEY (`idcliente`) REFERENCES `clientes` (`idcliente`),
  ADD CONSTRAINT `proyecto_ibfk_2` FOREIGN KEY (`director`) REFERENCES `empleados` (`idempleado`);

--
-- Filtros para la tabla `realizan`
--
ALTER TABLE `realizan`
  ADD CONSTRAINT `realizan_ibfk_1` FOREIGN KEY (`nroProyecto`) REFERENCES `proyecto` (`nroProyecto`),
  ADD CONSTRAINT `realizan_ibfk_2` FOREIGN KEY (`idempleado`) REFERENCES `empleados` (`idempleado`);
--
-- Base de datos: `test`
--
CREATE DATABASE IF NOT EXISTS `test` DEFAULT CHARACTER SET latin1 COLLATE latin1_swedish_ci;
USE `test`;
--
-- Base de datos: `uruguay`
--
CREATE DATABASE IF NOT EXISTS `uruguay` DEFAULT CHARACTER SET utf8mb4 COLLATE utf8mb4_general_ci;
USE `uruguay`;

-- --------------------------------------------------------

--
-- Estructura de tabla para la tabla `ciudad`
--

CREATE TABLE `ciudad` (
  `codigoC` int(5) NOT NULL,
  `nombreC` varchar(20) DEFAULT NULL,
  `cantidadHab` int(7) DEFAULT NULL,
  `depto` int(4) DEFAULT NULL
) ENGINE=InnoDB DEFAULT CHARSET=utf8mb4;

--
-- Volcado de datos para la tabla `ciudad`
--

INSERT INTO `ciudad` (`codigoC`, `nombreC`, `cantidadHab`, `depto`) VALUES
(1, 'Artigas', 48378, 1),
(2, 'Bella union', 25001, 1),
(3, 'Salto', 122478, 2),
(4, 'Constitucion', 2402, 2),
(5, 'Paysandu', 98124, 3),
(6, 'Guichon', 15000, 3),
(7, 'Fray bentos', 30765, 4),
(8, 'Young', 24000, 4),
(9, 'Mercedes', 50595, 5),
(10, 'Dolores', 32000, 5),
(11, 'Colonia', 105203, 6),
(12, 'Nueva Alvecia', 18000, 6);

-- --------------------------------------------------------

--
-- Estructura de tabla para la tabla `departamento`
--

CREATE TABLE `departamento` (
  `codigoDep` int(4) NOT NULL,
  `nombre` varchar(20) DEFAULT NULL,
  `zona` varchar(2) DEFAULT NULL,
  `capital` int(5) DEFAULT NULL
) ENGINE=InnoDB DEFAULT CHARSET=utf8mb4;

--
-- Volcado de datos para la tabla `departamento`
--

INSERT INTO `departamento` (`codigoDep`, `nombre`, `zona`, `capital`) VALUES
(1, 'Artigas', 'N', 1),
(2, 'Salto', 'NO', 2),
(3, 'Paysandu', 'NO', 3),
(4, 'Rio Negro', 'NO', 4),
(5, 'Soriano', 'NO', 5),
(6, 'Colonia', 'SE', 6),
(7, 'Rivera', 'N', 7),
(8, 'Tacuarembo', 'S', 8),
(9, 'Flores', 'C', 9),
(10, 'San Jose', 'S', 10);

-- --------------------------------------------------------

--
-- Estructura de tabla para la tabla `limita`
--

CREATE TABLE `limita` (
  `dep1` int(4) NOT NULL,
  `dep2` int(4) NOT NULL
) ENGINE=InnoDB DEFAULT CHARSET=utf8mb4;

--
-- Volcado de datos para la tabla `limita`
--

INSERT INTO `limita` (`dep1`, `dep2`) VALUES
(1, 2),
(1, 7),
(2, 1),
(2, 3),
(2, 7),
(2, 8),
(3, 2),
(3, 4),
(3, 5),
(3, 8),
(4, 3),
(4, 5),
(4, 8),
(5, 4),
(5, 6),
(5, 9),
(6, 10);

--
-- Índices para tablas volcadas
--

--
-- Indices de la tabla `ciudad`
--
ALTER TABLE `ciudad`
  ADD PRIMARY KEY (`codigoC`),
  ADD KEY `depto` (`depto`);

--
-- Indices de la tabla `departamento`
--
ALTER TABLE `departamento`
  ADD PRIMARY KEY (`codigoDep`),
  ADD KEY `capital` (`capital`);

--
-- Indices de la tabla `limita`
--
ALTER TABLE `limita`
  ADD PRIMARY KEY (`dep1`,`dep2`),
  ADD KEY `dep2` (`dep2`);

--
-- Restricciones para tablas volcadas
--

--
-- Filtros para la tabla `ciudad`
--
ALTER TABLE `ciudad`
  ADD CONSTRAINT `ciudad_ibfk_1` FOREIGN KEY (`depto`) REFERENCES `departamento` (`codigoDep`);

--
-- Filtros para la tabla `departamento`
--
ALTER TABLE `departamento`
  ADD CONSTRAINT `departamento_ibfk_1` FOREIGN KEY (`capital`) REFERENCES `ciudad` (`codigoC`);

--
-- Filtros para la tabla `limita`
--
ALTER TABLE `limita`
  ADD CONSTRAINT `limita_ibfk_1` FOREIGN KEY (`dep2`) REFERENCES `departamento` (`codigoDep`),
  ADD CONSTRAINT `limita_ibfk_2` FOREIGN KEY (`dep1`) REFERENCES `departamento` (`codigoDep`);
COMMIT;

/*!40101 SET CHARACTER_SET_CLIENT=@OLD_CHARACTER_SET_CLIENT */;
/*!40101 SET CHARACTER_SET_RESULTS=@OLD_CHARACTER_SET_RESULTS */;
/*!40101 SET COLLATION_CONNECTION=@OLD_COLLATION_CONNECTION */;
